"Status","Start Time","Stop Time","Duration in ms","Parent Suite","Suite","Sub Suite","Test Class","Test Method","Name","Description"
"failed","Thu Aug 31 00:23:48 MSK 2023","Thu Aug 31 00:23:49 MSK 2023","929","tests","Elements","Web Tables","","","test_web_table_add_person[input_data105]"," Check if one new person could be added in the list "
"skipped","Thu Aug 31 00:30:38 MSK 2023","Thu Aug 31 00:30:40 MSK 2023","1352","tests","Elements","Web Tables","","","test_web_table_add_person[input_data350]"," Check if one new person could be added in the list "
"skipped","Thu Aug 31 00:29:29 MSK 2023","Thu Aug 31 00:29:30 MSK 2023","1329","tests","Elements","Web Tables","","","test_web_table_add_person[input_data311]"," Check if one new person could be added in the list "
"skipped","Thu Aug 31 00:29:22 MSK 2023","Thu Aug 31 00:29:23 MSK 2023","1332","tests","Elements","Web Tables","","","test_web_table_add_person[input_data307]"," Check if one new person could be added in the list "
"passed","Thu Aug 31 00:23:34 MSK 2023","Thu Aug 31 00:23:35 MSK 2023","984","tests","Elements","Web Tables","","","test_web_table_add_person[input_data96]"," Check if one new person could be added in the list "
"failed","Thu Aug 31 00:21:38 MSK 2023","Thu Aug 31 00:21:39 MSK 2023","1463","tests","Elements","Web Tables","","","test_web_table_add_person[input_data16]"," Check if one new person could be added in the list "
"skipped","Thu Aug 31 00:30:08 MSK 2023","Thu Aug 31 00:30:09 MSK 2023","1384","tests","Elements","Web Tables","","","test_web_table_add_person[input_data333]"," Check if one new person could be added in the list "
"skipped","Thu Aug 31 00:26:26 MSK 2023","Thu Aug 31 00:26:27 MSK 2023","1309","tests","Elements","Web Tables","","","test_web_table_add_person[input_data205]"," Check if one new person could be added in the list "
"passed","Thu Aug 31 00:24:49 MSK 2023","Thu Aug 31 00:24:50 MSK 2023","1008","tests","Elements","Web Tables","","","test_web_table_add_person[input_data149]"," Check if one new person could be added in the list "
"passed","Thu Aug 31 00:24:01 MSK 2023","Thu Aug 31 00:24:02 MSK 2023","892","tests","Elements","Web Tables","","","test_web_table_add_person[input_data115]"," Check if one new person could be added in the list "
"passed","Thu Aug 31 00:22:44 MSK 2023","Thu Aug 31 00:22:45 MSK 2023","904","tests","Elements","Web Tables","","","test_web_table_add_person[input_data60]"," Check if one new person could be added in the list "
"failed","Thu Aug 31 00:21:31 MSK 2023","Thu Aug 31 00:21:32 MSK 2023","988","tests","Elements","Web Tables","","","test_web_table_add_person[input_data11]"," Check if one new person could be added in the list "
"skipped","Thu Aug 31 00:31:44 MSK 2023","Thu Aug 31 00:31:45 MSK 2023","948","tests","Elements","Web Tables","","","test_web_table_add_person[input_data388]"," Check if one new person could be added in the list "
"skipped","Thu Aug 31 00:26:07 MSK 2023","Thu Aug 31 00:26:08 MSK 2023","1476","tests","Elements","Web Tables","","","test_web_table_add_person[input_data194]"," Check if one new person could be added in the list "
"passed","Thu Aug 31 00:24:22 MSK 2023","Thu Aug 31 00:24:23 MSK 2023","957","tests","Elements","Web Tables","","","test_web_table_add_person[input_data129]"," Check if one new person could be added in the list "
"skipped","Thu Aug 31 00:27:30 MSK 2023","Thu Aug 31 00:27:31 MSK 2023","1320","tests","Elements","Web Tables","","","test_web_table_add_person[input_data243]"," Check if one new person could be added in the list "
"failed","Thu Aug 31 00:24:04 MSK 2023","Thu Aug 31 00:24:05 MSK 2023","1317","tests","Elements","Web Tables","","","test_web_table_add_person[input_data117]"," Check if one new person could be added in the list "
"skipped","Thu Aug 31 00:29:07 MSK 2023","Thu Aug 31 00:29:09 MSK 2023","1435","tests","Elements","Web Tables","","","test_web_table_add_person[input_data299]"," Check if one new person could be added in the list "
"failed","Thu Aug 31 00:21:32 MSK 2023","Thu Aug 31 00:21:33 MSK 2023","946","tests","Elements","Web Tables","","","test_web_table_add_person[input_data12]"," Check if one new person could be added in the list "
"skipped","Thu Aug 31 00:30:12 MSK 2023","Thu Aug 31 00:30:13 MSK 2023","1380","tests","Elements","Web Tables","","","test_web_table_add_person[input_data335]"," Check if one new person could be added in the list "
"passed","Thu Aug 31 00:32:10 MSK 2023","Thu Aug 31 00:32:10 MSK 2023","328","tests","Elements","Web Tables","","","test_web_table_search_specified_results[cierra@example.com-1]"," Check if search result matches to the query "
"skipped","Thu Aug 31 00:29:14 MSK 2023","Thu Aug 31 00:29:16 MSK 2023","1402","tests","Elements","Web Tables","","","test_web_table_add_person[input_data303]"," Check if one new person could be added in the list "
"failed","Thu Aug 31 00:29:20 MSK 2023","Thu Aug 31 00:29:21 MSK 2023","1593","tests","Elements","Web Tables","","","test_web_table_add_person[input_data306]"," Check if one new person could be added in the list "
"passed","Thu Aug 31 00:23:33 MSK 2023","Thu Aug 31 00:23:34 MSK 2023","901","tests","Elements","Web Tables","","","test_web_table_add_person[input_data95]"," Check if one new person could be added in the list "
"skipped","Thu Aug 31 00:26:38 MSK 2023","Thu Aug 31 00:26:40 MSK 2023","1421","tests","Elements","Web Tables","","","test_web_table_add_person[input_data212]"," Check if one new person could be added in the list "
"failed","Thu Aug 31 00:31:11 MSK 2023","Thu Aug 31 00:31:12 MSK 2023","1407","tests","Elements","Web Tables","","","test_web_table_add_person[input_data369]"," Check if one new person could be added in the list "
"failed","Thu Aug 31 00:28:21 MSK 2023","Thu Aug 31 00:28:23 MSK 2023","1387","tests","Elements","Web Tables","","","test_web_table_add_person[input_data273]"," Check if one new person could be added in the list "
"passed","Thu Aug 31 00:32:37 MSK 2023","Thu Aug 31 00:32:38 MSK 2023","1279","tests","Elements","Web Tables","","","test_web_table_delete_new_random_person"," Check if a new random person could be deleted "
"failed","Thu Aug 31 00:22:46 MSK 2023","Thu Aug 31 00:22:47 MSK 2023","872","tests","Elements","Web Tables","","","test_web_table_add_person[input_data61]"," Check if one new person could be added in the list "
"skipped","Thu Aug 31 00:31:42 MSK 2023","Thu Aug 31 00:31:44 MSK 2023","1404","tests","Elements","Web Tables","","","test_web_table_add_person[input_data387]"," Check if one new person could be added in the list "
"passed","Thu Aug 31 00:33:00 MSK 2023","Thu Aug 31 00:33:00 MSK 2023","320","tests","Elements","ClickButtons","","","test_click_buttons_page_single_click"," Check if it's possible to single-click button "
"failed","Thu Aug 31 00:28:32 MSK 2023","Thu Aug 31 00:28:33 MSK 2023","1352","tests","Elements","Web Tables","","","test_web_table_add_person[input_data279]"," Check if one new person could be added in the list "
"skipped","Thu Aug 31 00:25:46 MSK 2023","Thu Aug 31 00:25:47 MSK 2023","1326","tests","Elements","Web Tables","","","test_web_table_add_person[input_data182]"," Check if one new person could be added in the list "
"skipped","Thu Aug 31 00:26:58 MSK 2023","Thu Aug 31 00:26:59 MSK 2023","884","tests","Elements","Web Tables","","","test_web_table_add_person[input_data224]"," Check if one new person could be added in the list "
"skipped","Thu Aug 31 00:28:00 MSK 2023","Thu Aug 31 00:28:01 MSK 2023","1336","tests","Elements","Web Tables","","","test_web_table_add_person[input_data260]"," Check if one new person could be added in the list "
"failed","Thu Aug 31 00:32:15 MSK 2023","Thu Aug 31 00:32:15 MSK 2023","209","tests","Elements","Web Tables","","","test_web_table_search_specified_results[1000-2]"," Check if search result matches to the query "
"failed","Thu Aug 31 00:27:32 MSK 2023","Thu Aug 31 00:27:33 MSK 2023","1364","tests","Elements","Web Tables","","","test_web_table_add_person[input_data244]"," Check if one new person could be added in the list "
"passed","Thu Aug 31 00:22:32 MSK 2023","Thu Aug 31 00:22:33 MSK 2023","996","tests","Elements","Web Tables","","","test_web_table_add_person[input_data51]"," Check if one new person could be added in the list "
"failed","Thu Aug 31 00:28:39 MSK 2023","Thu Aug 31 00:28:40 MSK 2023","956","tests","Elements","Web Tables","","","test_web_table_add_person[input_data283]"," Check if one new person could be added in the list "
"skipped","Thu Aug 31 00:30:19 MSK 2023","Thu Aug 31 00:30:20 MSK 2023","1444","tests","Elements","Web Tables","","","test_web_table_add_person[input_data339]"," Check if one new person could be added in the list "
"skipped","Thu Aug 31 00:26:10 MSK 2023","Thu Aug 31 00:26:11 MSK 2023","1375","tests","Elements","Web Tables","","","test_web_table_add_person[input_data196]"," Check if one new person could be added in the list "
"failed","Thu Aug 31 00:27:48 MSK 2023","Thu Aug 31 00:27:49 MSK 2023","1332","tests","Elements","Web Tables","","","test_web_table_add_person[input_data253]"," Check if one new person could be added in the list "
"skipped","Thu Aug 31 00:27:39 MSK 2023","Thu Aug 31 00:27:41 MSK 2023","1376","tests","Elements","Web Tables","","","test_web_table_add_person[input_data248]"," Check if one new person could be added in the list "
"passed","Thu Aug 31 00:32:38 MSK 2023","Thu Aug 31 00:32:39 MSK 2023","410","tests","Elements","Web Tables","","","test_web_table_delete_specified_person_by_first_name[Cierra]"," Check if a person could be deleted "
"failed","Thu Aug 31 00:21:21 MSK 2023","Thu Aug 31 00:21:22 MSK 2023","1349","tests","Elements","Web Tables","","","test_web_table_add_person[input_data4]"," Check if one new person could be added in the list "
"failed","Thu Aug 31 00:30:30 MSK 2023","Thu Aug 31 00:30:31 MSK 2023","1324","tests","Elements","Web Tables","","","test_web_table_add_person[input_data345]"," Check if one new person could be added in the list "
"passed","Thu Aug 31 00:33:43 MSK 2023","Thu Aug 31 00:33:48 MSK 2023","5077","tests","Elements","Dynamic Properties","","","test_visible_after"," Check if the button is visible after 5 seconds"
"skipped","Thu Aug 31 00:28:02 MSK 2023","Thu Aug 31 00:28:03 MSK 2023","1384","tests","Elements","Web Tables","","","test_web_table_add_person[input_data261]"," Check if one new person could be added in the list "
"skipped","Thu Aug 31 00:30:03 MSK 2023","Thu Aug 31 00:30:04 MSK 2023","1324","tests","Elements","Web Tables","","","test_web_table_add_person[input_data330]"," Check if one new person could be added in the list "
"failed","Thu Aug 31 00:22:05 MSK 2023","Thu Aug 31 00:22:06 MSK 2023","1104","tests","Elements","Web Tables","","","test_web_table_add_person[input_data33]"," Check if one new person could be added in the list "
"failed","Thu Aug 31 00:22:28 MSK 2023","Thu Aug 31 00:22:29 MSK 2023","1420","tests","Elements","Web Tables","","","test_web_table_add_person[input_data48]"," Check if one new person could be added in the list "
"failed","Thu Aug 31 00:23:37 MSK 2023","Thu Aug 31 00:23:38 MSK 2023","901","tests","Elements","Web Tables","","","test_web_table_add_person[input_data98]"," Check if one new person could be added in the list "
"passed","Thu Aug 31 00:33:21 MSK 2023","Thu Aug 31 00:33:21 MSK 2023","104","tests","Elements","Upload and Download","","","test_upload_file[C:\\sdi.cfg]"," Check if local and server files are equal "
"failed","Thu Aug 31 00:30:33 MSK 2023","Thu Aug 31 00:30:34 MSK 2023","1356","tests","Elements","Web Tables","","","test_web_table_add_person[input_data347]"," Check if one new person could be added in the list "
"skipped","Thu Aug 31 00:29:58 MSK 2023","Thu Aug 31 00:29:59 MSK 2023","1376","tests","Elements","Web Tables","","","test_web_table_add_person[input_data327]"," Check if one new person could be added in the list "
"skipped","Thu Aug 31 00:28:55 MSK 2023","Thu Aug 31 00:28:56 MSK 2023","1356","tests","Elements","Web Tables","","","test_web_table_add_person[input_data292]"," Check if one new person could be added in the list "
"skipped","Thu Aug 31 00:29:42 MSK 2023","Thu Aug 31 00:29:43 MSK 2023","1372","tests","Elements","Web Tables","","","test_web_table_add_person[input_data318]"," Check if one new person could be added in the list "
"failed","Thu Aug 31 00:25:05 MSK 2023","Thu Aug 31 00:25:06 MSK 2023","1416","tests","Elements","Web Tables","","","test_web_table_add_person[input_data158]"," Check if one new person could be added in the list "
"failed","Thu Aug 31 00:29:27 MSK 2023","Thu Aug 31 00:29:28 MSK 2023","1364","tests","Elements","Web Tables","","","test_web_table_add_person[input_data310]"," Check if one new person could be added in the list "
"failed","Thu Aug 31 00:24:07 MSK 2023","Thu Aug 31 00:24:09 MSK 2023","1464","tests","Elements","Web Tables","","","test_web_table_add_person[input_data119]"," Check if one new person could be added in the list "
"failed","Thu Aug 31 00:28:25 MSK 2023","Thu Aug 31 00:28:26 MSK 2023","1409","tests","Elements","Web Tables","","","test_web_table_add_person[input_data275]"," Check if one new person could be added in the list "
"failed","Thu Aug 31 00:25:13 MSK 2023","Thu Aug 31 00:25:15 MSK 2023","1340","tests","Elements","Web Tables","","","test_web_table_add_person[input_data163]"," Check if one new person could be added in the list "
"passed","Thu Aug 31 00:21:17 MSK 2023","Thu Aug 31 00:21:18 MSK 2023","961","tests","Elements","Web Tables","","","test_web_table_add_person[input_data1]"," Check if one new person could be added in the list "
"failed","Thu Aug 31 00:23:35 MSK 2023","Thu Aug 31 00:23:37 MSK 2023","1406","tests","Elements","Web Tables","","","test_web_table_add_person[input_data97]"," Check if one new person could be added in the list "
"failed","Thu Aug 31 00:24:16 MSK 2023","Thu Aug 31 00:24:17 MSK 2023","944","tests","Elements","Web Tables","","","test_web_table_add_person[input_data125]"," Check if one new person could be added in the list "
"passed","Thu Aug 31 00:23:26 MSK 2023","Thu Aug 31 00:23:27 MSK 2023","936","tests","Elements","Web Tables","","","test_web_table_add_person[input_data89]"," Check if one new person could be added in the list "
"failed","Thu Aug 31 00:23:44 MSK 2023","Thu Aug 31 00:23:46 MSK 2023","1371","tests","Elements","Web Tables","","","test_web_table_add_person[input_data103]"," Check if one new person could be added in the list "
"failed","Thu Aug 31 00:31:56 MSK 2023","Thu Aug 31 00:31:57 MSK 2023","1331","tests","Elements","Web Tables","","","test_web_table_add_person[input_data395]"," Check if one new person could be added in the list "
"skipped","Thu Aug 31 00:25:15 MSK 2023","Thu Aug 31 00:25:16 MSK 2023","1403","tests","Elements","Web Tables","","","test_web_table_add_person[input_data164]"," Check if one new person could be added in the list "
"failed","Thu Aug 31 00:22:31 MSK 2023","Thu Aug 31 00:22:32 MSK 2023","936","tests","Elements","Web Tables","","","test_web_table_add_person[input_data50]"," Check if one new person could be added in the list "
"passed","Thu Aug 31 00:32:11 MSK 2023","Thu Aug 31 00:32:11 MSK 2023","204","tests","Elements","Web Tables","","","test_web_table_search_specified_results[10000-1]"," Check if search result matches to the query "
"failed","Thu Aug 31 00:24:36 MSK 2023","Thu Aug 31 00:24:37 MSK 2023","908","tests","Elements","Web Tables","","","test_web_table_add_person[input_data139]"," Check if one new person could be added in the list "
"skipped","Thu Aug 31 00:31:26 MSK 2023","Thu Aug 31 00:31:28 MSK 2023","1463","tests","Elements","Web Tables","","","test_web_table_add_person[input_data378]"," Check if one new person could be added in the list "
"failed","Thu Aug 31 00:27:25 MSK 2023","Thu Aug 31 00:27:26 MSK 2023","1420","tests","Elements","Web Tables","","","test_web_table_add_person[input_data240]"," Check if one new person could be added in the list "
"skipped","Thu Aug 31 00:27:03 MSK 2023","Thu Aug 31 00:27:04 MSK 2023","1308","tests","Elements","Web Tables","","","test_web_table_add_person[input_data227]"," Check if one new person could be added in the list "
"failed","Thu Aug 31 00:27:53 MSK 2023","Thu Aug 31 00:27:55 MSK 2023","1336","tests","Elements","Web Tables","","","test_web_table_add_person[input_data256]"," Check if one new person could be added in the list "
"failed","Thu Aug 31 00:22:59 MSK 2023","Thu Aug 31 00:23:00 MSK 2023","1404","tests","Elements","Web Tables","","","test_web_table_add_person[input_data71]"," Check if one new person could be added in the list "
"skipped","Thu Aug 31 00:25:49 MSK 2023","Thu Aug 31 00:25:50 MSK 2023","948","tests","Elements","Web Tables","","","test_web_table_add_person[input_data184]"," Check if one new person could be added in the list "
"passed","Thu Aug 31 00:23:58 MSK 2023","Thu Aug 31 00:23:59 MSK 2023","1054","tests","Elements","Web Tables","","","test_web_table_add_person[input_data112]"," Check if one new person could be added in the list "
"passed","Thu Aug 31 00:23:32 MSK 2023","Thu Aug 31 00:23:33 MSK 2023","881","tests","Elements","Web Tables","","","test_web_table_add_person[input_data94]"," Check if one new person could be added in the list "
"failed","Thu Aug 31 00:30:06 MSK 2023","Thu Aug 31 00:30:08 MSK 2023","1371","tests","Elements","Web Tables","","","test_web_table_add_person[input_data332]"," Check if one new person could be added in the list "
"skipped","Thu Aug 31 00:31:52 MSK 2023","Thu Aug 31 00:31:54 MSK 2023","1359","tests","Elements","Web Tables","","","test_web_table_add_person[input_data393]"," Check if one new person could be added in the list "
"skipped","Thu Aug 31 00:29:52 MSK 2023","Thu Aug 31 00:29:53 MSK 2023","950","tests","Elements","Web Tables","","","test_web_table_add_person[input_data324]"," Check if one new person could be added in the list "
"skipped","Thu Aug 31 00:31:07 MSK 2023","Thu Aug 31 00:31:08 MSK 2023","1372","tests","Elements","Web Tables","","","test_web_table_add_person[input_data367]"," Check if one new person could be added in the list "
"passed","Thu Aug 31 00:23:28 MSK 2023","Thu Aug 31 00:23:29 MSK 2023","983","tests","Elements","Web Tables","","","test_web_table_add_person[input_data91]"," Check if one new person could be added in the list "
"skipped","Thu Aug 31 00:30:53 MSK 2023","Thu Aug 31 00:30:54 MSK 2023","1336","tests","Elements","Web Tables","","","test_web_table_add_person[input_data358]"," Check if one new person could be added in the list "
"failed","Thu Aug 31 00:24:48 MSK 2023","Thu Aug 31 00:24:49 MSK 2023","908","tests","Elements","Web Tables","","","test_web_table_add_person[input_data148]"," Check if one new person could be added in the list "
"skipped","Thu Aug 31 00:25:27 MSK 2023","Thu Aug 31 00:25:28 MSK 2023","1328","tests","Elements","Web Tables","","","test_web_table_add_person[input_data171]"," Check if one new person could be added in the list "
"failed","Thu Aug 31 00:28:15 MSK 2023","Thu Aug 31 00:28:16 MSK 2023","1377","tests","Elements","Web Tables","","","test_web_table_add_person[input_data269]"," Check if one new person could be added in the list "
"failed","Thu Aug 31 00:21:55 MSK 2023","Thu Aug 31 00:21:56 MSK 2023","1378","tests","Elements","Web Tables","","","test_web_table_add_person[input_data27]"," Check if one new person could be added in the list "
"failed","Thu Aug 31 00:21:52 MSK 2023","Thu Aug 31 00:21:53 MSK 2023","1372","tests","Elements","Web Tables","","","test_web_table_add_person[input_data25]"," Check if one new person could be added in the list "
"passed","Thu Aug 31 00:23:15 MSK 2023","Thu Aug 31 00:23:16 MSK 2023","902","tests","Elements","Web Tables","","","test_web_table_add_person[input_data82]"," Check if one new person could be added in the list "
"failed","Thu Aug 31 00:25:44 MSK 2023","Thu Aug 31 00:25:45 MSK 2023","1417","tests","Elements","Web Tables","","","test_web_table_add_person[input_data181]"," Check if one new person could be added in the list "
"skipped","Thu Aug 31 00:28:44 MSK 2023","Thu Aug 31 00:28:45 MSK 2023","1336","tests","Elements","Web Tables","","","test_web_table_add_person[input_data286]"," Check if one new person could be added in the list "
"passed","Thu Aug 31 00:22:47 MSK 2023","Thu Aug 31 00:22:48 MSK 2023","956","tests","Elements","Web Tables","","","test_web_table_add_person[input_data62]"," Check if one new person could be added in the list "
"failed","Thu Aug 31 00:23:51 MSK 2023","Thu Aug 31 00:23:52 MSK 2023","917","tests","Elements","Web Tables","","","test_web_table_add_person[input_data107]"," Check if one new person could be added in the list "
"skipped","Thu Aug 31 00:24:57 MSK 2023","Thu Aug 31 00:24:59 MSK 2023","1408","tests","Elements","Web Tables","","","test_web_table_add_person[input_data154]"," Check if one new person could be added in the list "
"skipped","Thu Aug 31 00:27:37 MSK 2023","Thu Aug 31 00:27:39 MSK 2023","1353","tests","Elements","Web Tables","","","test_web_table_add_person[input_data247]"," Check if one new person could be added in the list "
"failed","Thu Aug 31 00:30:45 MSK 2023","Thu Aug 31 00:30:46 MSK 2023","1320","tests","Elements","Web Tables","","","test_web_table_add_person[input_data354]"," Check if one new person could be added in the list "
"passed","Thu Aug 31 00:22:30 MSK 2023","Thu Aug 31 00:22:31 MSK 2023","924","tests","Elements","Web Tables","","","test_web_table_add_person[input_data49]"," Check if one new person could be added in the list "
"failed","Thu Aug 31 00:31:23 MSK 2023","Thu Aug 31 00:31:25 MSK 2023","1364","tests","Elements","Web Tables","","","test_web_table_add_person[input_data376]"," Check if one new person could be added in the list "
"passed","Thu Aug 31 00:32:41 MSK 2023","Thu Aug 31 00:32:42 MSK 2023","295","tests","Elements","Web Tables","","","test_web_table_switch_rows[20]"," Check if page switches to the selected rows number "
"skipped","Thu Aug 31 00:26:21 MSK 2023","Thu Aug 31 00:26:22 MSK 2023","908","tests","Elements","Web Tables","","","test_web_table_add_person[input_data202]"," Check if one new person could be added in the list "
"failed","Thu Aug 31 00:23:11 MSK 2023","Thu Aug 31 00:23:12 MSK 2023","922","tests","Elements","Web Tables","","","test_web_table_add_person[input_data79]"," Check if one new person could be added in the list "
"failed","Thu Aug 31 00:23:22 MSK 2023","Thu Aug 31 00:23:23 MSK 2023","916","tests","Elements","Web Tables","","","test_web_table_add_person[input_data86]"," Check if one new person could be added in the list "
"skipped","Thu Aug 31 00:28:16 MSK 2023","Thu Aug 31 00:28:18 MSK 2023","1351","tests","Elements","Web Tables","","","test_web_table_add_person[input_data270]"," Check if one new person could be added in the list "
"skipped","Thu Aug 31 00:26:51 MSK 2023","Thu Aug 31 00:26:52 MSK 2023","970","tests","Elements","Web Tables","","","test_web_table_add_person[input_data220]"," Check if one new person could be added in the list "
"skipped","Thu Aug 31 00:31:50 MSK 2023","Thu Aug 31 00:31:52 MSK 2023","1324","tests","Elements","Web Tables","","","test_web_table_add_person[input_data392]"," Check if one new person could be added in the list "
"failed","Thu Aug 31 00:32:17 MSK 2023","Thu Aug 31 00:32:18 MSK 2023","244","tests","Elements","Web Tables","","","test_web_table_search_specified_results[a@-3]"," Check if search result matches to the query "
"failed","Thu Aug 31 00:22:51 MSK 2023","Thu Aug 31 00:22:52 MSK 2023","858","tests","Elements","Web Tables","","","test_web_table_add_person[input_data65]"," Check if one new person could be added in the list "
"skipped","Thu Aug 31 00:28:09 MSK 2023","Thu Aug 31 00:28:09 MSK 2023","908","tests","Elements","Web Tables","","","test_web_table_add_person[input_data265]"," Check if one new person could be added in the list "
"passed","Thu Aug 31 00:32:33 MSK 2023","Thu Aug 31 00:32:34 MSK 2023","912","tests","Elements","Web Tables","","","test_web_table_edit_person_first_name[Alden-AAlden]"," Check if first_name could be edited "
"failed","Thu Aug 31 00:30:59 MSK 2023","Thu Aug 31 00:31:00 MSK 2023","980","tests","Elements","Web Tables","","","test_web_table_add_person[input_data362]"," Check if one new person could be added in the list "
"failed","Thu Aug 31 00:32:05 MSK 2023","Thu Aug 31 00:32:07 MSK 2023","2002","tests","Elements","Web Tables","","","test_web_table_add_random_valid_persons[2]"," Check if 'how_much' new random persons could be added in the list "
"skipped","Thu Aug 31 00:29:25 MSK 2023","Thu Aug 31 00:29:27 MSK 2023","1380","tests","Elements","Web Tables","","","test_web_table_add_person[input_data309]"," Check if one new person could be added in the list "
"passed","Thu Aug 31 00:22:35 MSK 2023","Thu Aug 31 00:22:36 MSK 2023","856","tests","Elements","Web Tables","","","test_web_table_add_person[input_data53]"," Check if one new person could be added in the list "
"passed","Thu Aug 31 00:24:24 MSK 2023","Thu Aug 31 00:24:25 MSK 2023","884","tests","Elements","Web Tables","","","test_web_table_add_person[input_data131]"," Check if one new person could be added in the list "
"failed","Thu Aug 31 00:23:04 MSK 2023","Thu Aug 31 00:23:05 MSK 2023","1400","tests","Elements","Web Tables","","","test_web_table_add_person[input_data74]"," Check if one new person could be added in the list "
"passed","Thu Aug 31 00:24:20 MSK 2023","Thu Aug 31 00:24:21 MSK 2023","874","tests","Elements","Web Tables","","","test_web_table_add_person[input_data128]"," Check if one new person could be added in the list "
"skipped","Thu Aug 31 00:21:05 MSK 2023","Thu Aug 31 00:21:05 MSK 2023","0","tests","Elements","Radio Button","","","test_radio_button_no"," Check if it's possible to select button 'No'"
"failed","Thu Aug 31 00:24:09 MSK 2023","Thu Aug 31 00:24:10 MSK 2023","1063","tests","Elements","Web Tables","","","test_web_table_add_person[input_data120]"," Check if one new person could be added in the list "
"skipped","Thu Aug 31 00:27:04 MSK 2023","Thu Aug 31 00:27:06 MSK 2023","1344","tests","Elements","Web Tables","","","test_web_table_add_person[input_data228]"," Check if one new person could be added in the list "
"failed","Thu Aug 31 00:29:59 MSK 2023","Thu Aug 31 00:30:01 MSK 2023","1430","tests","Elements","Web Tables","","","test_web_table_add_person[input_data328]"," Check if one new person could be added in the list "
"skipped","Thu Aug 31 00:26:37 MSK 2023","Thu Aug 31 00:26:38 MSK 2023","1388","tests","Elements","Web Tables","","","test_web_table_add_person[input_data211]"," Check if one new person could be added in the list "
"skipped","Thu Aug 31 00:27:35 MSK 2023","Thu Aug 31 00:27:37 MSK 2023","1394","tests","Elements","Web Tables","","","test_web_table_add_person[input_data246]"," Check if one new person could be added in the list "
"failed","Thu Aug 31 00:28:18 MSK 2023","Thu Aug 31 00:28:19 MSK 2023","1329","tests","Elements","Web Tables","","","test_web_table_add_person[input_data271]"," Check if one new person could be added in the list "
"skipped","Thu Aug 31 00:30:47 MSK 2023","Thu Aug 31 00:30:48 MSK 2023","1453","tests","Elements","Web Tables","","","test_web_table_add_person[input_data355]"," Check if one new person could be added in the list "
"failed","Thu Aug 31 00:24:41 MSK 2023","Thu Aug 31 00:24:42 MSK 2023","944","tests","Elements","Web Tables","","","test_web_table_add_person[input_data143]"," Check if one new person could be added in the list "
"passed","Thu Aug 31 00:21:39 MSK 2023","Thu Aug 31 00:21:40 MSK 2023","997","tests","Elements","Web Tables","","","test_web_table_add_person[input_data17]"," Check if one new person could be added in the list "
"skipped","Thu Aug 31 00:28:51 MSK 2023","Thu Aug 31 00:28:52 MSK 2023","1373","tests","Elements","Web Tables","","","test_web_table_add_person[input_data290]"," Check if one new person could be added in the list "
"passed","Thu Aug 31 00:32:41 MSK 2023","Thu Aug 31 00:32:41 MSK 2023","64","tests","Elements","Web Tables","","","test_web_table_switch_rows[10]"," Check if page switches to the selected rows number "
"passed","Thu Aug 31 00:32:43 MSK 2023","Thu Aug 31 00:32:44 MSK 2023","354","tests","Elements","Web Tables","","","test_web_table_switch_rows[100]"," Check if page switches to the selected rows number "
"passed","Thu Aug 31 00:23:39 MSK 2023","Thu Aug 31 00:23:39 MSK 2023","883","tests","Elements","Web Tables","","","test_web_table_add_person[input_data99]"," Check if one new person could be added in the list "
"skipped","Thu Aug 31 00:26:33 MSK 2023","Thu Aug 31 00:26:34 MSK 2023","1407","tests","Elements","Web Tables","","","test_web_table_add_person[input_data209]"," Check if one new person could be added in the list "
"failed","Thu Aug 31 00:30:42 MSK 2023","Thu Aug 31 00:30:43 MSK 2023","947","tests","Elements","Web Tables","","","test_web_table_add_person[input_data352]"," Check if one new person could be added in the list "
"skipped","Thu Aug 31 00:30:31 MSK 2023","Thu Aug 31 00:30:33 MSK 2023","1322","tests","Elements","Web Tables","","","test_web_table_add_person[input_data346]"," Check if one new person could be added in the list "
"passed","Thu Aug 31 00:21:48 MSK 2023","Thu Aug 31 00:21:49 MSK 2023","976","tests","Elements","Web Tables","","","test_web_table_add_person[input_data22]"," Check if one new person could be added in the list "
"failed","Thu Aug 31 00:21:36 MSK 2023","Thu Aug 31 00:21:37 MSK 2023","844","tests","Elements","Web Tables","","","test_web_table_add_person[input_data15]"," Check if one new person could be added in the list "
"failed","Thu Aug 31 00:21:58 MSK 2023","Thu Aug 31 00:21:59 MSK 2023","1440","tests","Elements","Web Tables","","","test_web_table_add_person[input_data29]"," Check if one new person could be added in the list "
"passed","Thu Aug 31 00:33:11 MSK 2023","Thu Aug 31 00:33:11 MSK 2023","476","tests","Elements","Links","","","test_satus_mess_and_code[Moved]"," Check if status codes and messages are correct "
"failed","Thu Aug 31 00:24:00 MSK 2023","Thu Aug 31 00:24:01 MSK 2023","856","tests","Elements","Web Tables","","","test_web_table_add_person[input_data114]"," Check if one new person could be added in the list "
"failed","Thu Aug 31 00:23:24 MSK 2023","Thu Aug 31 00:23:25 MSK 2023","895","tests","Elements","Web Tables","","","test_web_table_add_person[input_data88]"," Check if one new person could be added in the list "
"failed","Thu Aug 31 00:23:46 MSK 2023","Thu Aug 31 00:23:47 MSK 2023","1384","tests","Elements","Web Tables","","","test_web_table_add_person[input_data104]"," Check if one new person could be added in the list "
"failed","Thu Aug 31 00:28:29 MSK 2023","Thu Aug 31 00:28:30 MSK 2023","1336","tests","Elements","Web Tables","","","test_web_table_add_person[input_data277]"," Check if one new person could be added in the list "
"skipped","Thu Aug 31 00:27:20 MSK 2023","Thu Aug 31 00:27:21 MSK 2023","980","tests","Elements","Web Tables","","","test_web_table_add_person[input_data237]"," Check if one new person could be added in the list "
"failed","Thu Aug 31 00:28:30 MSK 2023","Thu Aug 31 00:28:31 MSK 2023","932","tests","Elements","Web Tables","","","test_web_table_add_person[input_data278]"," Check if one new person could be added in the list "
"passed","Thu Aug 31 00:32:52 MSK 2023","Thu Aug 31 00:32:53 MSK 2023","436","tests","Elements","ClickButtons","","","test_click_buttons_page_double_click"," Check if it's possible to double-click button "
"skipped","Thu Aug 31 00:28:40 MSK 2023","Thu Aug 31 00:28:42 MSK 2023","1337","tests","Elements","Web Tables","","","test_web_table_add_person[input_data284]"," Check if one new person could be added in the list "
"skipped","Thu Aug 31 00:28:34 MSK 2023","Thu Aug 31 00:28:35 MSK 2023","1392","tests","Elements","Web Tables","","","test_web_table_add_person[input_data280]"," Check if one new person could be added in the list "
"failed","Thu Aug 31 00:23:43 MSK 2023","Thu Aug 31 00:23:44 MSK 2023","905","tests","Elements","Web Tables","","","test_web_table_add_person[input_data102]"," Check if one new person could be added in the list "
"skipped","Thu Aug 31 00:28:13 MSK 2023","Thu Aug 31 00:28:14 MSK 2023","1392","tests","Elements","Web Tables","","","test_web_table_add_person[input_data268]"," Check if one new person could be added in the list "
"failed","Thu Aug 31 00:24:38 MSK 2023","Thu Aug 31 00:24:39 MSK 2023","896","tests","Elements","Web Tables","","","test_web_table_add_person[input_data140]"," Check if one new person could be added in the list "
"skipped","Thu Aug 31 00:25:35 MSK 2023","Thu Aug 31 00:25:37 MSK 2023","1373","tests","Elements","Web Tables","","","test_web_table_add_person[input_data176]"," Check if one new person could be added in the list "
"skipped","Thu Aug 31 00:29:04 MSK 2023","Thu Aug 31 00:29:05 MSK 2023","1396","tests","Elements","Web Tables","","","test_web_table_add_person[input_data297]"," Check if one new person could be added in the list "
"passed","Thu Aug 31 00:32:40 MSK 2023","Thu Aug 31 00:32:40 MSK 2023","560","tests","Elements","Web Tables","","","test_web_table_delete_specified_person_by_first_name[Alden]"," Check if a person could be deleted "
"skipped","Thu Aug 31 00:29:31 MSK 2023","Thu Aug 31 00:29:32 MSK 2023","1318","tests","Elements","Web Tables","","","test_web_table_add_person[input_data312]"," Check if one new person could be added in the list "
"failed","Thu Aug 31 00:27:57 MSK 2023","Thu Aug 31 00:27:58 MSK 2023","920","tests","Elements","Web Tables","","","test_web_table_add_person[input_data258]"," Check if one new person could be added in the list "
"passed","Thu Aug 31 00:21:57 MSK 2023","Thu Aug 31 00:21:58 MSK 2023","888","tests","Elements","Web Tables","","","test_web_table_add_person[input_data28]"," Check if one new person could be added in the list "
"passed","Thu Aug 31 00:33:22 MSK 2023","Thu Aug 31 00:33:22 MSK 2023","64","tests","Elements","Upload and Download","","","test_download_file"," Check if server and local files are equal "
"passed","Thu Aug 31 00:33:10 MSK 2023","Thu Aug 31 00:33:10 MSK 2023","432","tests","Elements","Links","","","test_satus_mess_and_code[Created]"," Check if status codes and messages are correct "
"passed","Thu Aug 31 00:20:51 MSK 2023","Thu Aug 31 00:20:54 MSK 2023","2469","tests","Elements","Tex Box","","","test_text_box"," Check fields filling "
"failed","Thu Aug 31 00:28:20 MSK 2023","Thu Aug 31 00:28:21 MSK 2023","932","tests","Elements","Web Tables","","","test_web_table_add_person[input_data272]"," Check if one new person could be added in the list "
"skipped","Thu Aug 31 00:31:20 MSK 2023","Thu Aug 31 00:31:21 MSK 2023","1356","tests","Elements","Web Tables","","","test_web_table_add_person[input_data374]"," Check if one new person could be added in the list "
"failed","Thu Aug 31 00:22:27 MSK 2023","Thu Aug 31 00:22:28 MSK 2023","883","tests","Elements","Web Tables","","","test_web_table_add_person[input_data47]"," Check if one new person could be added in the list "
"skipped","Thu Aug 31 00:31:16 MSK 2023","Thu Aug 31 00:31:18 MSK 2023","1327","tests","Elements","Web Tables","","","test_web_table_add_person[input_data372]"," Check if one new person could be added in the list "
"failed","Thu Aug 31 00:22:19 MSK 2023","Thu Aug 31 00:22:20 MSK 2023","1397","tests","Elements","Web Tables","","","test_web_table_add_person[input_data42]"," Check if one new person could be added in the list "
"passed","Thu Aug 31 00:22:58 MSK 2023","Thu Aug 31 00:22:58 MSK 2023","948","tests","Elements","Web Tables","","","test_web_table_add_person[input_data70]"," Check if one new person could be added in the list "
"skipped","Thu Aug 31 00:31:18 MSK 2023","Thu Aug 31 00:31:19 MSK 2023","1329","tests","Elements","Web Tables","","","test_web_table_add_person[input_data373]"," Check if one new person could be added in the list "
"passed","Thu Aug 31 00:23:27 MSK 2023","Thu Aug 31 00:23:28 MSK 2023","953","tests","Elements","Web Tables","","","test_web_table_add_person[input_data90]"," Check if one new person could be added in the list "
"skipped","Thu Aug 31 00:26:31 MSK 2023","Thu Aug 31 00:26:32 MSK 2023","1428","tests","Elements","Web Tables","","","test_web_table_add_person[input_data208]"," Check if one new person could be added in the list "
"failed","Thu Aug 31 00:25:07 MSK 2023","Thu Aug 31 00:25:08 MSK 2023","1368","tests","Elements","Web Tables","","","test_web_table_add_person[input_data159]"," Check if one new person could be added in the list "
"failed","Thu Aug 31 00:22:02 MSK 2023","Thu Aug 31 00:22:03 MSK 2023","1400","tests","Elements","Web Tables","","","test_web_table_add_person[input_data31]"," Check if one new person could be added in the list "
"skipped","Thu Aug 31 00:27:50 MSK 2023","Thu Aug 31 00:27:51 MSK 2023","1376","tests","Elements","Web Tables","","","test_web_table_add_person[input_data254]"," Check if one new person could be added in the list "
"passed","Thu Aug 31 00:33:09 MSK 2023","Thu Aug 31 00:33:09 MSK 2023","128","tests","Elements","Links","","","test_open_new_tab"," Check if new page opens in the new tab "
"skipped","Thu Aug 31 00:28:37 MSK 2023","Thu Aug 31 00:28:39 MSK 2023","1368","tests","Elements","Web Tables","","","test_web_table_add_person[input_data282]"," Check if one new person could be added in the list "
"skipped","Thu Aug 31 00:24:59 MSK 2023","Thu Aug 31 00:25:01 MSK 2023","1412","tests","Elements","Web Tables","","","test_web_table_add_person[input_data155]"," Check if one new person could be added in the list "
"skipped","Thu Aug 31 00:27:10 MSK 2023","Thu Aug 31 00:27:11 MSK 2023","1339","tests","Elements","Web Tables","","","test_web_table_add_person[input_data231]"," Check if one new person could be added in the list "
"skipped","Thu Aug 31 00:27:43 MSK 2023","Thu Aug 31 00:27:44 MSK 2023","1376","tests","Elements","Web Tables","","","test_web_table_add_person[input_data250]"," Check if one new person could be added in the list "
"skipped","Thu Aug 31 00:27:06 MSK 2023","Thu Aug 31 00:27:08 MSK 2023","1334","tests","Elements","Web Tables","","","test_web_table_add_person[input_data229]"," Check if one new person could be added in the list "
"skipped","Thu Aug 31 00:28:42 MSK 2023","Thu Aug 31 00:28:44 MSK 2023","1316","tests","Elements","Web Tables","","","test_web_table_add_person[input_data285]"," Check if one new person could be added in the list "
"passed","Thu Aug 31 00:23:31 MSK 2023","Thu Aug 31 00:23:32 MSK 2023","929","tests","Elements","Web Tables","","","test_web_table_add_person[input_data93]"," Check if one new person could be added in the list "
"skipped","Thu Aug 31 00:30:14 MSK 2023","Thu Aug 31 00:30:15 MSK 2023","1356","tests","Elements","Web Tables","","","test_web_table_add_person[input_data336]"," Check if one new person could be added in the list "
"failed","Thu Aug 31 00:29:16 MSK 2023","Thu Aug 31 00:29:17 MSK 2023","1326","tests","Elements","Web Tables","","","test_web_table_add_person[input_data304]"," Check if one new person could be added in the list "
"passed","Thu Aug 31 00:24:53 MSK 2023","Thu Aug 31 00:24:54 MSK 2023","976","tests","Elements","Web Tables","","","test_web_table_add_person[input_data151]"," Check if one new person could be added in the list "
"failed","Thu Aug 31 00:32:19 MSK 2023","Thu Aug 31 00:32:19 MSK 2023","260","tests","Elements","Web Tables","","","test_web_table_search_specified_results[2000-3]"," Check if search result matches to the query "
"passed","Thu Aug 31 00:23:59 MSK 2023","Thu Aug 31 00:24:00 MSK 2023","888","tests","Elements","Web Tables","","","test_web_table_add_person[input_data113]"," Check if one new person could be added in the list "
"skipped","Thu Aug 31 00:25:58 MSK 2023","Thu Aug 31 00:25:59 MSK 2023","884","tests","Elements","Web Tables","","","test_web_table_add_person[input_data189]"," Check if one new person could be added in the list "
"skipped","Thu Aug 31 00:26:09 MSK 2023","Thu Aug 31 00:26:10 MSK 2023","936","tests","Elements","Web Tables","","","test_web_table_add_person[input_data195]"," Check if one new person could be added in the list "
"skipped","Thu Aug 31 00:29:51 MSK 2023","Thu Aug 31 00:29:52 MSK 2023","1367","tests","Elements","Web Tables","","","test_web_table_add_person[input_data323]"," Check if one new person could be added in the list "
"failed","Thu Aug 31 00:24:31 MSK 2023","Thu Aug 31 00:24:33 MSK 2023","1447","tests","Elements","Web Tables","","","test_web_table_add_person[input_data136]"," Check if one new person could be added in the list "
"skipped","Thu Aug 31 00:28:50 MSK 2023","Thu Aug 31 00:28:51 MSK 2023","1084","tests","Elements","Web Tables","","","test_web_table_add_person[input_data289]"," Check if one new person could be added in the list "
"skipped","Thu Aug 31 00:28:48 MSK 2023","Thu Aug 31 00:28:49 MSK 2023","1376","tests","Elements","Web Tables","","","test_web_table_add_person[input_data288]"," Check if one new person could be added in the list "
"failed","Thu Aug 31 00:22:43 MSK 2023","Thu Aug 31 00:22:44 MSK 2023","846","tests","Elements","Web Tables","","","test_web_table_add_person[input_data59]"," Check if one new person could be added in the list "
"passed","Thu Aug 31 00:22:16 MSK 2023","Thu Aug 31 00:22:17 MSK 2023","1013","tests","Elements","Web Tables","","","test_web_table_add_person[input_data40]"," Check if one new person could be added in the list "
"skipped","Thu Aug 31 00:31:28 MSK 2023","Thu Aug 31 00:31:29 MSK 2023","1020","tests","Elements","Web Tables","","","test_web_table_add_person[input_data379]"," Check if one new person could be added in the list "
"failed","Thu Aug 31 00:23:02 MSK 2023","Thu Aug 31 00:23:03 MSK 2023","1332","tests","Elements","Web Tables","","","test_web_table_add_person[input_data73]"," Check if one new person could be added in the list "
"skipped","Thu Aug 31 00:26:17 MSK 2023","Thu Aug 31 00:26:19 MSK 2023","1384","tests","Elements","Web Tables","","","test_web_table_add_person[input_data200]"," Check if one new person could be added in the list "
"failed","Thu Aug 31 00:26:29 MSK 2023","Thu Aug 31 00:26:30 MSK 2023","1364","tests","Elements","Web Tables","","","test_web_table_add_person[input_data207]"," Check if one new person could be added in the list "
"skipped","Thu Aug 31 00:26:27 MSK 2023","Thu Aug 31 00:26:29 MSK 2023","1345","tests","Elements","Web Tables","","","test_web_table_add_person[input_data206]"," Check if one new person could be added in the list "
"skipped","Thu Aug 31 00:27:23 MSK 2023","Thu Aug 31 00:27:24 MSK 2023","932","tests","Elements","Web Tables","","","test_web_table_add_person[input_data239]"," Check if one new person could be added in the list "
"skipped","Thu Aug 31 00:27:01 MSK 2023","Thu Aug 31 00:27:02 MSK 2023","960","tests","Elements","Web Tables","","","test_web_table_add_person[input_data226]"," Check if one new person could be added in the list "
"failed","Thu Aug 31 00:27:21 MSK 2023","Thu Aug 31 00:27:23 MSK 2023","1380","tests","Elements","Web Tables","","","test_web_table_add_person[input_data238]"," Check if one new person could be added in the list "
"skipped","Thu Aug 31 00:26:24 MSK 2023","Thu Aug 31 00:26:25 MSK 2023","1376","tests","Elements","Web Tables","","","test_web_table_add_person[input_data204]"," Check if one new person could be added in the list "
"skipped","Thu Aug 31 00:26:05 MSK 2023","Thu Aug 31 00:26:06 MSK 2023","1312","tests","Elements","Web Tables","","","test_web_table_add_person[input_data193]"," Check if one new person could be added in the list "
"failed","Thu Aug 31 00:22:34 MSK 2023","Thu Aug 31 00:22:35 MSK 2023","952","tests","Elements","Web Tables","","","test_web_table_add_person[input_data52]"," Check if one new person could be added in the list "
"skipped","Thu Aug 31 00:29:13 MSK 2023","Thu Aug 31 00:29:14 MSK 2023","965","tests","Elements","Web Tables","","","test_web_table_add_person[input_data302]"," Check if one new person could be added in the list "
"failed","Thu Aug 31 00:28:07 MSK 2023","Thu Aug 31 00:28:08 MSK 2023","1376","tests","Elements","Web Tables","","","test_web_table_add_person[input_data264]"," Check if one new person could be added in the list "
"skipped","Thu Aug 31 00:30:43 MSK 2023","Thu Aug 31 00:30:45 MSK 2023","1455","tests","Elements","Web Tables","","","test_web_table_add_person[input_data353]"," Check if one new person could be added in the list "
"skipped","Thu Aug 31 00:25:41 MSK 2023","Thu Aug 31 00:25:42 MSK 2023","930","tests","Elements","Web Tables","","","test_web_table_add_person[input_data179]"," Check if one new person could be added in the list "
"skipped","Thu Aug 31 00:26:12 MSK 2023","Thu Aug 31 00:26:13 MSK 2023","1372","tests","Elements","Web Tables","","","test_web_table_add_person[input_data197]"," Check if one new person could be added in the list "
"skipped","Thu Aug 31 00:26:46 MSK 2023","Thu Aug 31 00:26:47 MSK 2023","1328","tests","Elements","Web Tables","","","test_web_table_add_person[input_data217]"," Check if one new person could be added in the list "
"skipped","Thu Aug 31 00:29:36 MSK 2023","Thu Aug 31 00:29:38 MSK 2023","1308","tests","Elements","Web Tables","","","test_web_table_add_person[input_data315]"," Check if one new person could be added in the list "
"failed","Thu Aug 31 00:22:40 MSK 2023","Thu Aug 31 00:22:41 MSK 2023","929","tests","Elements","Web Tables","","","test_web_table_add_person[input_data57]"," Check if one new person could be added in the list "
"skipped","Thu Aug 31 00:27:18 MSK 2023","Thu Aug 31 00:27:20 MSK 2023","1376","tests","Elements","Web Tables","","","test_web_table_add_person[input_data236]"," Check if one new person could be added in the list "
"passed","Thu Aug 31 00:21:27 MSK 2023","Thu Aug 31 00:21:28 MSK 2023","964","tests","Elements","Web Tables","","","test_web_table_add_person[input_data8]"," Check if one new person could be added in the list "
"failed","Thu Aug 31 00:21:46 MSK 2023","Thu Aug 31 00:21:47 MSK 2023","1447","tests","Elements","Web Tables","","","test_web_table_add_person[input_data21]"," Check if one new person could be added in the list "
"skipped","Thu Aug 31 00:27:58 MSK 2023","Thu Aug 31 00:27:59 MSK 2023","1356","tests","Elements","Web Tables","","","test_web_table_add_person[input_data259]"," Check if one new person could be added in the list "
"skipped","Thu Aug 31 00:25:17 MSK 2023","Thu Aug 31 00:25:18 MSK 2023","1388","tests","Elements","Web Tables","","","test_web_table_add_person[input_data165]"," Check if one new person could be added in the list "
"skipped","Thu Aug 31 00:25:25 MSK 2023","Thu Aug 31 00:25:26 MSK 2023","884","tests","Elements","Web Tables","","","test_web_table_add_person[input_data170]"," Check if one new person could be added in the list "
"failed","Thu Aug 31 00:23:49 MSK 2023","Thu Aug 31 00:23:50 MSK 2023","890","tests","Elements","Web Tables","","","test_web_table_add_person[input_data106]"," Check if one new person could be added in the list "
"passed","Thu Aug 31 00:33:31 MSK 2023","Thu Aug 31 00:33:36 MSK 2023","5441","tests","Elements","Dynamic Properties","","","test_will_enable"," Check if the button is enabled in 5 seconds "
"failed","Thu Aug 31 00:23:20 MSK 2023","Thu Aug 31 00:23:21 MSK 2023","1476","tests","Elements","Web Tables","","","test_web_table_add_person[input_data85]"," Check if one new person could be added in the list "
"skipped","Thu Aug 31 00:25:12 MSK 2023","Thu Aug 31 00:25:13 MSK 2023","928","tests","Elements","Web Tables","","","test_web_table_add_person[input_data162]"," Check if one new person could be added in the list "
"passed","Thu Aug 31 00:21:05 MSK 2023","Thu Aug 31 00:21:05 MSK 2023","292","tests","Elements","Radio Button","","","test_radio_button_yes"," Check if it's possible to select button 'Yes'"
"skipped","Thu Aug 31 00:29:38 MSK 2023","Thu Aug 31 00:29:39 MSK 2023","1388","tests","Elements","Web Tables","","","test_web_table_add_person[input_data316]"," Check if one new person could be added in the list "
"skipped","Thu Aug 31 00:26:43 MSK 2023","Thu Aug 31 00:26:44 MSK 2023","971","tests","Elements","Web Tables","","","test_web_table_add_person[input_data215]"," Check if one new person could be added in the list "
"failed","Thu Aug 31 00:23:17 MSK 2023","Thu Aug 31 00:23:18 MSK 2023","1342","tests","Elements","Web Tables","","","test_web_table_add_person[input_data83]"," Check if one new person could be added in the list "
"skipped","Thu Aug 31 00:28:03 MSK 2023","Thu Aug 31 00:28:05 MSK 2023","1348","tests","Elements","Web Tables","","","test_web_table_add_person[input_data262]"," Check if one new person could be added in the list "
"failed","Thu Aug 31 00:31:00 MSK 2023","Thu Aug 31 00:31:02 MSK 2023","1264","tests","Elements","Web Tables","","","test_web_table_add_person[input_data363]"," Check if one new person could be added in the list "
"failed","Thu Aug 31 00:24:15 MSK 2023","Thu Aug 31 00:24:15 MSK 2023","888","tests","Elements","Web Tables","","","test_web_table_add_person[input_data124]"," Check if one new person could be added in the list "
"skipped","Thu Aug 31 00:31:04 MSK 2023","Thu Aug 31 00:31:05 MSK 2023","1377","tests","Elements","Web Tables","","","test_web_table_add_person[input_data365]"," Check if one new person could be added in the list "
"failed","Thu Aug 31 00:32:13 MSK 2023","Thu Aug 31 00:32:13 MSK 2023","264","tests","Elements","Web Tables","","","test_web_table_search_specified_results[cierra@exam-2]"," Check if search result matches to the query "
"passed","Thu Aug 31 00:22:18 MSK 2023","Thu Aug 31 00:22:19 MSK 2023","972","tests","Elements","Web Tables","","","test_web_table_add_person[input_data41]"," Check if one new person could be added in the list "
"skipped","Thu Aug 31 00:29:56 MSK 2023","Thu Aug 31 00:29:57 MSK 2023","1363","tests","Elements","Web Tables","","","test_web_table_add_person[input_data326]"," Check if one new person could be added in the list "
"skipped","Thu Aug 31 00:30:15 MSK 2023","Thu Aug 31 00:30:17 MSK 2023","1325","tests","Elements","Web Tables","","","test_web_table_add_person[input_data337]"," Check if one new person could be added in the list "
"skipped","Thu Aug 31 00:24:56 MSK 2023","Thu Aug 31 00:24:57 MSK 2023","1368","tests","Elements","Web Tables","","","test_web_table_add_person[input_data153]"," Check if one new person could be added in the list "
"failed","Thu Aug 31 00:22:36 MSK 2023","Thu Aug 31 00:22:37 MSK 2023","870","tests","Elements","Web Tables","","","test_web_table_add_person[input_data54]"," Check if one new person could be added in the list "
"passed","Thu Aug 31 00:23:01 MSK 2023","Thu Aug 31 00:23:02 MSK 2023","949","tests","Elements","Web Tables","","","test_web_table_add_person[input_data72]"," Check if one new person could be added in the list "
"passed","Thu Aug 31 00:32:09 MSK 2023","Thu Aug 31 00:32:10 MSK 2023","204","tests","Elements","Web Tables","","","test_web_table_search_specified_results[Vega-1]"," Check if search result matches to the query "
"skipped","Thu Aug 31 00:28:58 MSK 2023","Thu Aug 31 00:29:00 MSK 2023","1364","tests","Elements","Web Tables","","","test_web_table_add_person[input_data294]"," Check if one new person could be added in the list "
"failed","Thu Aug 31 00:23:41 MSK 2023","Thu Aug 31 00:23:43 MSK 2023","1495","tests","Elements","Web Tables","","","test_web_table_add_person[input_data101]"," Check if one new person could be added in the list "
"skipped","Thu Aug 31 00:29:32 MSK 2023","Thu Aug 31 00:29:34 MSK 2023","1404","tests","Elements","Web Tables","","","test_web_table_add_person[input_data313]"," Check if one new person could be added in the list "
"failed","Thu Aug 31 00:24:51 MSK 2023","Thu Aug 31 00:24:52 MSK 2023","1401","tests","Elements","Web Tables","","","test_web_table_add_person[input_data150]"," Check if one new person could be added in the list "
"failed","Thu Aug 31 00:27:55 MSK 2023","Thu Aug 31 00:27:56 MSK 2023","992","tests","Elements","Web Tables","","","test_web_table_add_person[input_data257]"," Check if one new person could be added in the list "
"skipped","Thu Aug 31 00:31:30 MSK 2023","Thu Aug 31 00:31:31 MSK 2023","1296","tests","Elements","Web Tables","","","test_web_table_add_person[input_data380]"," Check if one new person could be added in the list "
"passed","Thu Aug 31 00:32:11 MSK 2023","Thu Aug 31 00:32:12 MSK 2023","247","tests","Elements","Web Tables","","","test_web_table_search_specified_results[Insurance-1]"," Check if search result matches to the query "
"skipped","Thu Aug 31 00:30:35 MSK 2023","Thu Aug 31 00:30:36 MSK 2023","988","tests","Elements","Web Tables","","","test_web_table_add_person[input_data348]"," Check if one new person could be added in the list "
"skipped","Thu Aug 31 00:25:10 MSK 2023","Thu Aug 31 00:25:11 MSK 2023","1434","tests","Elements","Web Tables","","","test_web_table_add_person[input_data161]"," Check if one new person could be added in the list "
"passed","Thu Aug 31 00:32:34 MSK 2023","Thu Aug 31 00:32:35 MSK 2023","788","tests","Elements","Web Tables","","","test_web_table_edit_person_first_name[Cierra-Cierr]"," Check if first_name could be edited "
"failed","Thu Aug 31 00:25:01 MSK 2023","Thu Aug 31 00:25:03 MSK 2023","1306","tests","Elements","Web Tables","","","test_web_table_add_person[input_data156]"," Check if one new person could be added in the list "
"skipped","Thu Aug 31 00:30:36 MSK 2023","Thu Aug 31 00:30:38 MSK 2023","1423","tests","Elements","Web Tables","","","test_web_table_add_person[input_data349]"," Check if one new person could be added in the list "
"failed","Thu Aug 31 00:23:12 MSK 2023","Thu Aug 31 00:23:13 MSK 2023","984","tests","Elements","Web Tables","","","test_web_table_add_person[input_data80]"," Check if one new person could be added in the list "
"failed","Thu Aug 31 00:21:50 MSK 2023","Thu Aug 31 00:21:51 MSK 2023","921","tests","Elements","Web Tables","","","test_web_table_add_person[input_data24]"," Check if one new person could be added in the list "
"skipped","Thu Aug 31 00:26:01 MSK 2023","Thu Aug 31 00:26:03 MSK 2023","1339","tests","Elements","Web Tables","","","test_web_table_add_person[input_data191]"," Check if one new person could be added in the list "
"passed","Thu Aug 31 00:24:47 MSK 2023","Thu Aug 31 00:24:48 MSK 2023","924","tests","Elements","Web Tables","","","test_web_table_add_person[input_data147]"," Check if one new person could be added in the list "
"skipped","Thu Aug 31 00:30:05 MSK 2023","Thu Aug 31 00:30:06 MSK 2023","941","tests","Elements","Web Tables","","","test_web_table_add_person[input_data331]"," Check if one new person could be added in the list "
"skipped","Thu Aug 31 00:29:43 MSK 2023","Thu Aug 31 00:29:45 MSK 2023","1313","tests","Elements","Web Tables","","","test_web_table_add_person[input_data319]"," Check if one new person could be added in the list "
"failed","Thu Aug 31 00:24:27 MSK 2023","Thu Aug 31 00:24:28 MSK 2023","1068","tests","Elements","Web Tables","","","test_web_table_add_person[input_data133]"," Check if one new person could be added in the list "
"skipped","Thu Aug 31 00:26:47 MSK 2023","Thu Aug 31 00:26:49 MSK 2023","1420","tests","Elements","Web Tables","","","test_web_table_add_person[input_data218]"," Check if one new person could be added in the list "
"skipped","Thu Aug 31 00:31:49 MSK 2023","Thu Aug 31 00:31:50 MSK 2023","976","tests","Elements","Web Tables","","","test_web_table_add_person[input_data391]"," Check if one new person could be added in the list "
"skipped","Thu Aug 31 00:25:24 MSK 2023","Thu Aug 31 00:25:25 MSK 2023","1348","tests","Elements","Web Tables","","","test_web_table_add_person[input_data169]"," Check if one new person could be added in the list "
"failed","Thu Aug 31 00:32:18 MSK 2023","Thu Aug 31 00:32:18 MSK 2023","192","tests","Elements","Web Tables","","","test_web_table_search_specified_results[9-3]"," Check if search result matches to the query "
"failed","Thu Aug 31 00:25:19 MSK 2023","Thu Aug 31 00:25:20 MSK 2023","1305","tests","Elements","Web Tables","","","test_web_table_add_person[input_data166]"," Check if one new person could be added in the list "
"skipped","Thu Aug 31 00:26:40 MSK 2023","Thu Aug 31 00:26:41 MSK 2023","928","tests","Elements","Web Tables","","","test_web_table_add_person[input_data213]"," Check if one new person could be added in the list "
"skipped","Thu Aug 31 00:27:45 MSK 2023","Thu Aug 31 00:27:46 MSK 2023","984","tests","Elements","Web Tables","","","test_web_table_add_person[input_data251]"," Check if one new person could be added in the list "
"failed","Thu Aug 31 00:23:18 MSK 2023","Thu Aug 31 00:23:19 MSK 2023","877","tests","Elements","Web Tables","","","test_web_table_add_person[input_data84]"," Check if one new person could be added in the list "
"skipped","Thu Aug 31 00:25:54 MSK 2023","Thu Aug 31 00:25:56 MSK 2023","1380","tests","Elements","Web Tables","","","test_web_table_add_person[input_data187]"," Check if one new person could be added in the list "
"skipped","Thu Aug 31 00:28:05 MSK 2023","Thu Aug 31 00:28:06 MSK 2023","976","tests","Elements","Web Tables","","","test_web_table_add_person[input_data263]"," Check if one new person could be added in the list "
"passed","Thu Aug 31 00:24:13 MSK 2023","Thu Aug 31 00:24:14 MSK 2023","935","tests","Elements","Web Tables","","","test_web_table_add_person[input_data123]"," Check if one new person could be added in the list "
"skipped","Thu Aug 31 00:25:08 MSK 2023","Thu Aug 31 00:25:10 MSK 2023","1052","tests","Elements","Web Tables","","","test_web_table_add_person[input_data160]"," Check if one new person could be added in the list "
"failed","Thu Aug 31 00:21:26 MSK 2023","Thu Aug 31 00:21:27 MSK 2023","986","tests","Elements","Web Tables","","","test_web_table_add_person[input_data7]"," Check if one new person could be added in the list "
"failed","Thu Aug 31 00:21:24 MSK 2023","Thu Aug 31 00:21:25 MSK 2023","1387","tests","Elements","Web Tables","","","test_web_table_add_person[input_data6]"," Check if one new person could be added in the list "
"skipped","Thu Aug 31 00:30:56 MSK 2023","Thu Aug 31 00:30:57 MSK 2023","1297","tests","Elements","Web Tables","","","test_web_table_add_person[input_data360]"," Check if one new person could be added in the list "
"passed","Thu Aug 31 00:21:05 MSK 2023","Thu Aug 31 00:21:06 MSK 2023","280","tests","Elements","Radio Button","","","test_radio_button_impressive"," Check if it's possible to select button 'No'"
"failed","Thu Aug 31 00:22:08 MSK 2023","Thu Aug 31 00:22:09 MSK 2023","1376","tests","Elements","Web Tables","","","test_web_table_add_person[input_data35]"," Check if one new person could be added in the list "
"skipped","Thu Aug 31 00:29:40 MSK 2023","Thu Aug 31 00:29:41 MSK 2023","1320","tests","Elements","Web Tables","","","test_web_table_add_person[input_data317]"," Check if one new person could be added in the list "
"skipped","Thu Aug 31 00:29:09 MSK 2023","Thu Aug 31 00:29:11 MSK 2023","1378","tests","Elements","Web Tables","","","test_web_table_add_person[input_data300]"," Check if one new person could be added in the list "
"failed","Thu Aug 31 00:24:45 MSK 2023","Thu Aug 31 00:24:46 MSK 2023","908","tests","Elements","Web Tables","","","test_web_table_add_person[input_data146]"," Check if one new person could be added in the list "
"failed","Thu Aug 31 00:24:03 MSK 2023","Thu Aug 31 00:24:04 MSK 2023","1044","tests","Elements","Web Tables","","","test_web_table_add_person[input_data116]"," Check if one new person could be added in the list "
"skipped","Thu Aug 31 00:30:54 MSK 2023","Thu Aug 31 00:30:55 MSK 2023","976","tests","Elements","Web Tables","","","test_web_table_add_person[input_data359]"," Check if one new person could be added in the list "
"passed","Thu Aug 31 00:33:12 MSK 2023","Thu Aug 31 00:33:12 MSK 2023","424","tests","Elements","Links","","","test_satus_mess_and_code[Unauthorized]"," Check if status codes and messages are correct "
"passed","Thu Aug 31 00:32:11 MSK 2023","Thu Aug 31 00:32:11 MSK 2023","156","tests","Elements","Web Tables","","","test_web_table_search_specified_results[39-1]"," Check if search result matches to the query "
"failed","Thu Aug 31 00:26:54 MSK 2023","Thu Aug 31 00:26:56 MSK 2023","1349","tests","Elements","Web Tables","","","test_web_table_add_person[input_data222]"," Check if one new person could be added in the list "
"skipped","Thu Aug 31 00:29:49 MSK 2023","Thu Aug 31 00:29:50 MSK 2023","1404","tests","Elements","Web Tables","","","test_web_table_add_person[input_data322]"," Check if one new person could be added in the list "
"skipped","Thu Aug 31 00:31:48 MSK 2023","Thu Aug 31 00:31:49 MSK 2023","982","tests","Elements","Web Tables","","","test_web_table_add_person[input_data390]"," Check if one new person could be added in the list "
"skipped","Thu Aug 31 00:25:51 MSK 2023","Thu Aug 31 00:25:52 MSK 2023","1379","tests","Elements","Web Tables","","","test_web_table_add_person[input_data185]"," Check if one new person could be added in the list "
"skipped","Thu Aug 31 00:30:24 MSK 2023","Thu Aug 31 00:30:25 MSK 2023","1348","tests","Elements","Web Tables","","","test_web_table_add_person[input_data342]"," Check if one new person could be added in the list "
"failed","Thu Aug 31 00:25:39 MSK 2023","Thu Aug 31 00:25:40 MSK 2023","1361","tests","Elements","Web Tables","","","test_web_table_add_person[input_data178]"," Check if one new person could be added in the list "
"passed","Thu Aug 31 00:21:34 MSK 2023","Thu Aug 31 00:21:35 MSK 2023","847","tests","Elements","Web Tables","","","test_web_table_add_person[input_data13]"," Check if one new person could be added in the list "
"passed","Thu Aug 31 00:24:44 MSK 2023","Thu Aug 31 00:24:45 MSK 2023","971","tests","Elements","Web Tables","","","test_web_table_add_person[input_data145]"," Check if one new person could be added in the list "
"passed","Thu Aug 31 00:22:55 MSK 2023","Thu Aug 31 00:22:56 MSK 2023","860","tests","Elements","Web Tables","","","test_web_table_add_person[input_data68]"," Check if one new person could be added in the list "
"passed","Thu Aug 31 00:23:55 MSK 2023","Thu Aug 31 00:23:55 MSK 2023","944","tests","Elements","Web Tables","","","test_web_table_add_person[input_data110]"," Check if one new person could be added in the list "
"skipped","Thu Aug 31 00:25:22 MSK 2023","Thu Aug 31 00:25:23 MSK 2023","916","tests","Elements","Web Tables","","","test_web_table_add_person[input_data168]"," Check if one new person could be added in the list "
"failed","Thu Aug 31 00:22:11 MSK 2023","Thu Aug 31 00:22:12 MSK 2023","1006","tests","Elements","Web Tables","","","test_web_table_add_person[input_data37]"," Check if one new person could be added in the list "
"skipped","Thu Aug 31 00:25:59 MSK 2023","Thu Aug 31 00:26:01 MSK 2023","1412","tests","Elements","Web Tables","","","test_web_table_add_person[input_data190]"," Check if one new person could be added in the list "
"skipped","Thu Aug 31 00:30:49 MSK 2023","Thu Aug 31 00:30:50 MSK 2023","1440","tests","Elements","Web Tables","","","test_web_table_add_person[input_data356]"," Check if one new person could be added in the list "
"failed","Thu Aug 31 00:22:54 MSK 2023","Thu Aug 31 00:22:55 MSK 2023","952","tests","Elements","Web Tables","","","test_web_table_add_person[input_data67]"," Check if one new person could be added in the list "
"failed","Thu Aug 31 00:22:14 MSK 2023","Thu Aug 31 00:22:16 MSK 2023","1492","tests","Elements","Web Tables","","","test_web_table_add_person[input_data39]"," Check if one new person could be added in the list "
"skipped","Thu Aug 31 00:25:42 MSK 2023","Thu Aug 31 00:25:44 MSK 2023","1322","tests","Elements","Web Tables","","","test_web_table_add_person[input_data180]"," Check if one new person could be added in the list "
"failed","Thu Aug 31 00:27:28 MSK 2023","Thu Aug 31 00:27:30 MSK 2023","1336","tests","Elements","Web Tables","","","test_web_table_add_person[input_data242]"," Check if one new person could be added in the list "
"failed","Thu Aug 31 00:32:15 MSK 2023","Thu Aug 31 00:32:15 MSK 2023","238","tests","Elements","Web Tables","","","test_web_table_search_specified_results[Insur-1]"," Check if search result matches to the query "
"skipped","Thu Aug 31 00:27:34 MSK 2023","Thu Aug 31 00:27:35 MSK 2023","1357","tests","Elements","Web Tables","","","test_web_table_add_person[input_data245]"," Check if one new person could be added in the list "
"skipped","Thu Aug 31 00:28:11 MSK 2023","Thu Aug 31 00:28:12 MSK 2023","912","tests","Elements","Web Tables","","","test_web_table_add_person[input_data267]"," Check if one new person could be added in the list "
"skipped","Thu Aug 31 00:29:23 MSK 2023","Thu Aug 31 00:29:25 MSK 2023","1352","tests","Elements","Web Tables","","","test_web_table_add_person[input_data308]"," Check if one new person could be added in the list "
"skipped","Thu Aug 31 00:29:11 MSK 2023","Thu Aug 31 00:29:12 MSK 2023","1361","tests","Elements","Web Tables","","","test_web_table_add_person[input_data301]"," Check if one new person could be added in the list "
"skipped","Thu Aug 31 00:31:06 MSK 2023","Thu Aug 31 00:31:07 MSK 2023","923","tests","Elements","Web Tables","","","test_web_table_add_person[input_data366]"," Check if one new person could be added in the list "
"failed","Thu Aug 31 00:24:35 MSK 2023","Thu Aug 31 00:24:36 MSK 2023","1332","tests","Elements","Web Tables","","","test_web_table_add_person[input_data138]"," Check if one new person could be added in the list "
"skipped","Thu Aug 31 00:26:03 MSK 2023","Thu Aug 31 00:26:04 MSK 2023","1421","tests","Elements","Web Tables","","","test_web_table_add_person[input_data192]"," Check if one new person could be added in the list "
"failed","Thu Aug 31 00:25:30 MSK 2023","Thu Aug 31 00:25:31 MSK 2023","1436","tests","Elements","Web Tables","","","test_web_table_add_person[input_data173]"," Check if one new person could be added in the list "
"failed","Thu Aug 31 00:32:14 MSK 2023","Thu Aug 31 00:32:14 MSK 2023","258","tests","Elements","Web Tables","","","test_web_table_search_specified_results[20-2]"," Check if search result matches to the query "
"passed","Thu Aug 31 00:23:52 MSK 2023","Thu Aug 31 00:23:53 MSK 2023","1072","tests","Elements","Web Tables","","","test_web_table_add_person[input_data108]"," Check if one new person could be added in the list "
"skipped","Thu Aug 31 00:28:53 MSK 2023","Thu Aug 31 00:28:54 MSK 2023","1336","tests","Elements","Web Tables","","","test_web_table_add_person[input_data291]"," Check if one new person could be added in the list "
"skipped","Thu Aug 31 00:31:13 MSK 2023","Thu Aug 31 00:31:14 MSK 2023","1368","tests","Elements","Web Tables","","","test_web_table_add_person[input_data370]"," Check if one new person could be added in the list "
"skipped","Thu Aug 31 00:30:01 MSK 2023","Thu Aug 31 00:30:03 MSK 2023","1346","tests","Elements","Web Tables","","","test_web_table_add_person[input_data329]"," Check if one new person could be added in the list "
"passed","Thu Aug 31 00:21:29 MSK 2023","Thu Aug 31 00:21:29 MSK 2023","945","tests","Elements","Web Tables","","","test_web_table_add_person[input_data9]"," Check if one new person could be added in the list "
"failed","Thu Aug 31 00:26:49 MSK 2023","Thu Aug 31 00:26:51 MSK 2023","1366","tests","Elements","Web Tables","","","test_web_table_add_person[input_data219]"," Check if one new person could be added in the list "
"passed","Thu Aug 31 00:32:31 MSK 2023","Thu Aug 31 00:32:33 MSK 2023","1622","tests","Elements","Web Tables","","","test_web_table_edit_new_random_person_first_name"," Check if first name of a new random person could be edited "
"skipped","Thu Aug 31 00:28:27 MSK 2023","Thu Aug 31 00:28:28 MSK 2023","1325","tests","Elements","Web Tables","","","test_web_table_add_person[input_data276]"," Check if one new person could be added in the list "
"passed","Thu Aug 31 00:22:50 MSK 2023","Thu Aug 31 00:22:51 MSK 2023","987","tests","Elements","Web Tables","","","test_web_table_add_person[input_data64]"," Check if one new person could be added in the list "
"failed","Thu Aug 31 00:32:16 MSK 2023","Thu Aug 31 00:32:16 MSK 2023","235","tests","Elements","Web Tables","","","test_web_table_search_specified_results[rr-3]"," Check if search result matches to the query "
"passed","Thu Aug 31 00:24:23 MSK 2023","Thu Aug 31 00:24:24 MSK 2023","984","tests","Elements","Web Tables","","","test_web_table_add_person[input_data130]"," Check if one new person could be added in the list "
"skipped","Thu Aug 31 00:31:14 MSK 2023","Thu Aug 31 00:31:16 MSK 2023","1328","tests","Elements","Web Tables","","","test_web_table_add_person[input_data371]"," Check if one new person could be added in the list "
"skipped","Thu Aug 31 00:31:54 MSK 2023","Thu Aug 31 00:31:56 MSK 2023","1493","tests","Elements","Web Tables","","","test_web_table_add_person[input_data394]"," Check if one new person could be added in the list "
"skipped","Thu Aug 31 00:26:59 MSK 2023","Thu Aug 31 00:27:01 MSK 2023","1452","tests","Elements","Web Tables","","","test_web_table_add_person[input_data225]"," Check if one new person could be added in the list "
"failed","Thu Aug 31 00:32:20 MSK 2023","Thu Aug 31 00:32:25 MSK 2023","5195","tests","Elements","Web Tables","","","test_web_table_search_special_symbols[/\\w/-3]"," Check if search result matches to the query "
"skipped","Thu Aug 31 00:32:00 MSK 2023","Thu Aug 31 00:32:01 MSK 2023","1324","tests","Elements","Web Tables","","","test_web_table_add_person[input_data397]"," Check if one new person could be added in the list "
"skipped","Thu Aug 31 00:31:37 MSK 2023","Thu Aug 31 00:31:38 MSK 2023","1356","tests","Elements","Web Tables","","","test_web_table_add_person[input_data384]"," Check if one new person could be added in the list "
"failed","Thu Aug 31 00:31:58 MSK 2023","Thu Aug 31 00:31:59 MSK 2023","1383","tests","Elements","Web Tables","","","test_web_table_add_person[input_data396]"," Check if one new person could be added in the list "
"failed","Thu Aug 31 00:24:43 MSK 2023","Thu Aug 31 00:24:44 MSK 2023","881","tests","Elements","Web Tables","","","test_web_table_add_person[input_data144]"," Check if one new person could be added in the list "
"skipped","Thu Aug 31 00:28:57 MSK 2023","Thu Aug 31 00:28:58 MSK 2023","1340","tests","Elements","Web Tables","","","test_web_table_add_person[input_data293]"," Check if one new person could be added in the list "
"failed","Thu Aug 31 00:23:08 MSK 2023","Thu Aug 31 00:23:09 MSK 2023","1340","tests","Elements","Web Tables","","","test_web_table_add_person[input_data77]"," Check if one new person could be added in the list "
"skipped","Thu Aug 31 00:29:02 MSK 2023","Thu Aug 31 00:29:03 MSK 2023","1361","tests","Elements","Web Tables","","","test_web_table_add_person[input_data296]"," Check if one new person could be added in the list "
"failed","Thu Aug 31 00:24:54 MSK 2023","Thu Aug 31 00:24:55 MSK 2023","1344","tests","Elements","Web Tables","","","test_web_table_add_person[input_data152]"," Check if one new person could be added in the list "
"passed","Thu Aug 31 00:32:43 MSK 2023","Thu Aug 31 00:32:43 MSK 2023","324","tests","Elements","Web Tables","","","test_web_table_switch_rows[50]"," Check if page switches to the selected rows number "
"passed","Thu Aug 31 00:21:49 MSK 2023","Thu Aug 31 00:21:50 MSK 2023","929","tests","Elements","Web Tables","","","test_web_table_add_person[input_data23]"," Check if one new person could be added in the list "
"skipped","Thu Aug 31 00:27:08 MSK 2023","Thu Aug 31 00:27:09 MSK 2023","1305","tests","Elements","Web Tables","","","test_web_table_add_person[input_data230]"," Check if one new person could be added in the list "
"failed","Thu Aug 31 00:24:25 MSK 2023","Thu Aug 31 00:24:27 MSK 2023","1336","tests","Elements","Web Tables","","","test_web_table_add_person[input_data132]"," Check if one new person could be added in the list "
"failed","Thu Aug 31 00:21:18 MSK 2023","Thu Aug 31 00:21:19 MSK 2023","1004","tests","Elements","Web Tables","","","test_web_table_add_person[input_data2]"," Check if one new person could be added in the list "
"failed","Thu Aug 31 00:23:56 MSK 2023","Thu Aug 31 00:23:57 MSK 2023","1421","tests","Elements","Web Tables","","","test_web_table_add_person[input_data111]"," Check if one new person could be added in the list "
"failed","Thu Aug 31 00:22:12 MSK 2023","Thu Aug 31 00:22:14 MSK 2023","1424","tests","Elements","Web Tables","","","test_web_table_add_person[input_data38]"," Check if one new person could be added in the list "
"skipped","Thu Aug 31 00:27:13 MSK 2023","Thu Aug 31 00:27:15 MSK 2023","1389","tests","Elements","Web Tables","","","test_web_table_add_person[input_data233]"," Check if one new person could be added in the list "
"skipped","Thu Aug 31 00:27:15 MSK 2023","Thu Aug 31 00:27:16 MSK 2023","968","tests","Elements","Web Tables","","","test_web_table_add_person[input_data234]"," Check if one new person could be added in the list "
"skipped","Thu Aug 31 00:30:17 MSK 2023","Thu Aug 31 00:30:19 MSK 2023","1408","tests","Elements","Web Tables","","","test_web_table_add_person[input_data338]"," Check if one new person could be added in the list "
"skipped","Thu Aug 31 00:28:35 MSK 2023","Thu Aug 31 00:28:37 MSK 2023","1507","tests","Elements","Web Tables","","","test_web_table_add_person[input_data281]"," Check if one new person could be added in the list "
"failed","Thu Aug 31 00:21:15 MSK 2023","Thu Aug 31 00:21:16 MSK 2023","1424","tests","Elements","Web Tables","","","test_web_table_add_person[input_data0]"," Check if one new person could be added in the list "
"skipped","Thu Aug 31 00:25:34 MSK 2023","Thu Aug 31 00:25:35 MSK 2023","1477","tests","Elements","Web Tables","","","test_web_table_add_person[input_data175]"," Check if one new person could be added in the list "
"failed","Thu Aug 31 00:29:00 MSK 2023","Thu Aug 31 00:29:01 MSK 2023","1256","tests","Elements","Web Tables","","","test_web_table_add_person[input_data295]"," Check if one new person could be added in the list "
"failed","Thu Aug 31 00:29:54 MSK 2023","Thu Aug 31 00:29:55 MSK 2023","1349","tests","Elements","Web Tables","","","test_web_table_add_person[input_data325]"," Check if one new person could be added in the list "
"failed","Thu Aug 31 00:21:20 MSK 2023","Thu Aug 31 00:21:21 MSK 2023","970","tests","Elements","Web Tables","","","test_web_table_add_person[input_data3]"," Check if one new person could be added in the list "
"skipped","Thu Aug 31 00:32:01 MSK 2023","Thu Aug 31 00:32:03 MSK 2023","1359","tests","Elements","Web Tables","","","test_web_table_add_person[input_data398]"," Check if one new person could be added in the list "
"passed","Thu Aug 31 00:24:19 MSK 2023","Thu Aug 31 00:24:20 MSK 2023","928","tests","Elements","Web Tables","","","test_web_table_add_person[input_data127]"," Check if one new person could be added in the list "
"failed","Thu Aug 31 00:22:00 MSK 2023","Thu Aug 31 00:22:01 MSK 2023","1376","tests","Elements","Web Tables","","","test_web_table_add_person[input_data30]"," Check if one new person could be added in the list "
"failed","Thu Aug 31 00:23:23 MSK 2023","Thu Aug 31 00:23:24 MSK 2023","889","tests","Elements","Web Tables","","","test_web_table_add_person[input_data87]"," Check if one new person could be added in the list "
"skipped","Thu Aug 31 00:31:25 MSK 2023","Thu Aug 31 00:31:26 MSK 2023","869","tests","Elements","Web Tables","","","test_web_table_add_person[input_data377]"," Check if one new person could be added in the list "
"failed","Thu Aug 31 00:24:29 MSK 2023","Thu Aug 31 00:24:30 MSK 2023","1000","tests","Elements","Web Tables","","","test_web_table_add_person[input_data134]"," Check if one new person could be added in the list "
"failed","Thu Aug 31 00:26:44 MSK 2023","Thu Aug 31 00:26:45 MSK 2023","944","tests","Elements","Web Tables","","","test_web_table_add_person[input_data216]"," Check if one new person could be added in the list "
"skipped","Thu Aug 31 00:31:02 MSK 2023","Thu Aug 31 00:31:03 MSK 2023","1416","tests","Elements","Web Tables","","","test_web_table_add_person[input_data364]"," Check if one new person could be added in the list "
"skipped","Thu Aug 31 00:25:48 MSK 2023","Thu Aug 31 00:25:49 MSK 2023","1340","tests","Elements","Web Tables","","","test_web_table_add_person[input_data183]"," Check if one new person could be added in the list "
"skipped","Thu Aug 31 00:29:47 MSK 2023","Thu Aug 31 00:29:48 MSK 2023","1436","tests","Elements","Web Tables","","","test_web_table_add_person[input_data321]"," Check if one new person could be added in the list "
"failed","Thu Aug 31 00:30:57 MSK 2023","Thu Aug 31 00:30:58 MSK 2023","944","tests","Elements","Web Tables","","","test_web_table_add_person[input_data361]"," Check if one new person could be added in the list "
"failed","Thu Aug 31 00:24:30 MSK 2023","Thu Aug 31 00:24:31 MSK 2023","988","tests","Elements","Web Tables","","","test_web_table_add_person[input_data135]"," Check if one new person could be added in the list "
"failed","Thu Aug 31 00:22:39 MSK 2023","Thu Aug 31 00:22:40 MSK 2023","1458","tests","Elements","Web Tables","","","test_web_table_add_person[input_data56]"," Check if one new person could be added in the list "
"passed","Thu Aug 31 00:21:30 MSK 2023","Thu Aug 31 00:21:31 MSK 2023","929","tests","Elements","Web Tables","","","test_web_table_add_person[input_data10]"," Check if one new person could be added in the list "
"passed","Thu Aug 31 00:23:10 MSK 2023","Thu Aug 31 00:23:11 MSK 2023","880","tests","Elements","Web Tables","","","test_web_table_add_person[input_data78]"," Check if one new person could be added in the list "
"failed","Thu Aug 31 00:26:35 MSK 2023","Thu Aug 31 00:26:36 MSK 2023","1350","tests","Elements","Web Tables","","","test_web_table_add_person[input_data210]"," Check if one new person could be added in the list "
"failed","Thu Aug 31 00:32:12 MSK 2023","Thu Aug 31 00:32:12 MSK 2023","192","tests","Elements","Web Tables","","","test_web_table_search_specified_results[Cier-2]"," Check if search result matches to the query "
"failed","Thu Aug 31 00:22:52 MSK 2023","Thu Aug 31 00:22:53 MSK 2023","940","tests","Elements","Web Tables","","","test_web_table_add_person[input_data66]"," Check if one new person could be added in the list "
"failed","Thu Aug 31 00:22:48 MSK 2023","Thu Aug 31 00:22:50 MSK 2023","1399","tests","Elements","Web Tables","","","test_web_table_add_person[input_data63]"," Check if one new person could be added in the list "
"failed","Thu Aug 31 00:24:11 MSK 2023","Thu Aug 31 00:24:12 MSK 2023","941","tests","Elements","Web Tables","","","test_web_table_add_person[input_data121]"," Check if one new person could be added in the list "
"failed","Thu Aug 31 00:24:17 MSK 2023","Thu Aug 31 00:24:19 MSK 2023","1468","tests","Elements","Web Tables","","","test_web_table_add_person[input_data126]"," Check if one new person could be added in the list "
"skipped","Thu Aug 31 00:31:39 MSK 2023","Thu Aug 31 00:31:40 MSK 2023","1336","tests","Elements","Web Tables","","","test_web_table_add_person[input_data385]"," Check if one new person could be added in the list "
"passed","Thu Aug 31 00:22:37 MSK 2023","Thu Aug 31 00:22:38 MSK 2023","950","tests","Elements","Web Tables","","","test_web_table_add_person[input_data55]"," Check if one new person could be added in the list "
"skipped","Thu Aug 31 00:29:18 MSK 2023","Thu Aug 31 00:29:19 MSK 2023","1336","tests","Elements","Web Tables","","","test_web_table_add_person[input_data305]"," Check if one new person could be added in the list "
"skipped","Thu Aug 31 00:25:37 MSK 2023","Thu Aug 31 00:25:39 MSK 2023","1300","tests","Elements","Web Tables","","","test_web_table_add_person[input_data177]"," Check if one new person could be added in the list "
"failed","Thu Aug 31 00:25:32 MSK 2023","Thu Aug 31 00:25:33 MSK 2023","1284","tests","Elements","Web Tables","","","test_web_table_add_person[input_data174]"," Check if one new person could be added in the list "
"failed","Thu Aug 31 00:31:46 MSK 2023","Thu Aug 31 00:31:47 MSK 2023","1393","tests","Elements","Web Tables","","","test_web_table_add_person[input_data389]"," Check if one new person could be added in the list "
"skipped","Thu Aug 31 00:25:21 MSK 2023","Thu Aug 31 00:25:22 MSK 2023","1358","tests","Elements","Web Tables","","","test_web_table_add_person[input_data167]"," Check if one new person could be added in the list "
"skipped","Thu Aug 31 00:28:10 MSK 2023","Thu Aug 31 00:28:11 MSK 2023","980","tests","Elements","Web Tables","","","test_web_table_add_person[input_data266]"," Check if one new person could be added in the list "
"failed","Thu Aug 31 00:25:28 MSK 2023","Thu Aug 31 00:25:30 MSK 2023","1052","tests","Elements","Web Tables","","","test_web_table_add_person[input_data172]"," Check if one new person could be added in the list "
"failed","Thu Aug 31 00:32:19 MSK 2023","Thu Aug 31 00:32:20 MSK 2023","192","tests","Elements","Web Tables","","","test_web_table_search_specified_results[ce-3]"," Check if search result matches to the query "
"skipped","Thu Aug 31 00:30:40 MSK 2023","Thu Aug 31 00:30:41 MSK 2023","1349","tests","Elements","Web Tables","","","test_web_table_add_person[input_data351]"," Check if one new person could be added in the list "
"passed","Thu Aug 31 00:24:12 MSK 2023","Thu Aug 31 00:24:13 MSK 2023","956","tests","Elements","Web Tables","","","test_web_table_add_person[input_data122]"," Check if one new person could be added in the list "
"skipped","Thu Aug 31 00:31:32 MSK 2023","Thu Aug 31 00:31:33 MSK 2023","1312","tests","Elements","Web Tables","","","test_web_table_add_person[input_data381]"," Check if one new person could be added in the list "
"passed","Thu Aug 31 00:33:37 MSK 2023","Thu Aug 31 00:33:43 MSK 2023","6025","tests","Elements","Dynamic Properties","","","test_change_color"," Check if the button changes color after 5 seconds"
"failed","Thu Aug 31 00:26:16 MSK 2023","Thu Aug 31 00:26:17 MSK 2023","1303","tests","Elements","Web Tables","","","test_web_table_add_person[input_data199]"," Check if one new person could be added in the list "
"passed","Thu Aug 31 00:32:39 MSK 2023","Thu Aug 31 00:32:40 MSK 2023","597","tests","Elements","Web Tables","","","test_web_table_delete_specified_person_by_first_name[Kierra]"," Check if a person could be deleted "
"skipped","Thu Aug 31 00:28:23 MSK 2023","Thu Aug 31 00:28:24 MSK 2023","1348","tests","Elements","Web Tables","","","test_web_table_add_person[input_data274]"," Check if one new person could be added in the list "
"failed","Thu Aug 31 00:21:41 MSK 2023","Thu Aug 31 00:21:42 MSK 2023","965","tests","Elements","Web Tables","","","test_web_table_add_person[input_data18]"," Check if one new person could be added in the list "
"failed","Thu Aug 31 00:27:27 MSK 2023","Thu Aug 31 00:27:28 MSK 2023","1323","tests","Elements","Web Tables","","","test_web_table_add_person[input_data241]"," Check if one new person could be added in the list "
"skipped","Thu Aug 31 00:25:03 MSK 2023","Thu Aug 31 00:25:04 MSK 2023","1364","tests","Elements","Web Tables","","","test_web_table_add_person[input_data157]"," Check if one new person could be added in the list "
"failed","Thu Aug 31 00:30:51 MSK 2023","Thu Aug 31 00:30:52 MSK 2023","1326","tests","Elements","Web Tables","","","test_web_table_add_person[input_data357]"," Check if one new person could be added in the list "
"failed","Thu Aug 31 00:24:33 MSK 2023","Thu Aug 31 00:24:34 MSK 2023","928","tests","Elements","Web Tables","","","test_web_table_add_person[input_data137]"," Check if one new person could be added in the list "
"skipped","Thu Aug 31 00:26:42 MSK 2023","Thu Aug 31 00:26:42 MSK 2023","906","tests","Elements","Web Tables","","","test_web_table_add_person[input_data214]"," Check if one new person could be added in the list "
"failed","Thu Aug 31 00:22:25 MSK 2023","Thu Aug 31 00:22:26 MSK 2023","989","tests","Elements","Web Tables","","","test_web_table_add_person[input_data46]"," Check if one new person could be added in the list "
"passed","Thu Aug 31 00:32:07 MSK 2023","Thu Aug 31 00:32:09 MSK 2023","1180","tests","Elements","Web Tables","","","test_web_table_search_one_random_result"," Check if search result matches to the random query "
"skipped","Thu Aug 31 00:26:56 MSK 2023","Thu Aug 31 00:26:58 MSK 2023","1382","tests","Elements","Web Tables","","","test_web_table_add_person[input_data223]"," Check if one new person could be added in the list "
"skipped","Thu Aug 31 00:26:53 MSK 2023","Thu Aug 31 00:26:54 MSK 2023","1368","tests","Elements","Web Tables","","","test_web_table_add_person[input_data221]"," Check if one new person could be added in the list "
"failed","Thu Aug 31 00:26:22 MSK 2023","Thu Aug 31 00:26:23 MSK 2023","1368","tests","Elements","Web Tables","","","test_web_table_add_person[input_data203]"," Check if one new person could be added in the list "
"failed","Thu Aug 31 00:21:54 MSK 2023","Thu Aug 31 00:21:55 MSK 2023","977","tests","Elements","Web Tables","","","test_web_table_add_person[input_data26]"," Check if one new person could be added in the list "
"failed","Thu Aug 31 00:24:06 MSK 2023","Thu Aug 31 00:24:07 MSK 2023","1014","tests","Elements","Web Tables","","","test_web_table_add_person[input_data118]"," Check if one new person could be added in the list "
"failed","Thu Aug 31 00:30:23 MSK 2023","Thu Aug 31 00:30:24 MSK 2023","948","tests","Elements","Web Tables","","","test_web_table_add_person[input_data341]"," Check if one new person could be added in the list "
"skipped","Thu Aug 31 00:29:34 MSK 2023","Thu Aug 31 00:29:36 MSK 2023","1421","tests","Elements","Web Tables","","","test_web_table_add_person[input_data314]"," Check if one new person could be added in the list "
"skipped","Thu Aug 31 00:27:46 MSK 2023","Thu Aug 31 00:27:47 MSK 2023","1368","tests","Elements","Web Tables","","","test_web_table_add_person[input_data252]"," Check if one new person could be added in the list "
"skipped","Thu Aug 31 00:27:41 MSK 2023","Thu Aug 31 00:27:42 MSK 2023","1393","tests","Elements","Web Tables","","","test_web_table_add_person[input_data249]"," Check if one new person could be added in the list "
"failed","Thu Aug 31 00:21:42 MSK 2023","Thu Aug 31 00:21:44 MSK 2023","1509","tests","Elements","Web Tables","","","test_web_table_add_person[input_data19]"," Check if one new person could be added in the list "
"broken","Thu Aug 31 00:32:53 MSK 2023","Thu Aug 31 00:32:59 MSK 2023","6560","tests","Elements","ClickButtons","","","test_click_buttons_page_right_click"," Check if it's possible to right-click button "
"skipped","Thu Aug 31 00:30:10 MSK 2023","Thu Aug 31 00:30:11 MSK 2023","1353","tests","Elements","Web Tables","","","test_web_table_add_person[input_data334]"," Check if one new person could be added in the list "
"passed","Thu Aug 31 00:23:53 MSK 2023","Thu Aug 31 00:23:54 MSK 2023","916","tests","Elements","Web Tables","","","test_web_table_add_person[input_data109]"," Check if one new person could be added in the list "
"skipped","Thu Aug 31 00:25:56 MSK 2023","Thu Aug 31 00:25:58 MSK 2023","1363","tests","Elements","Web Tables","","","test_web_table_add_person[input_data188]"," Check if one new person could be added in the list "
"failed","Thu Aug 31 00:22:24 MSK 2023","Thu Aug 31 00:22:25 MSK 2023","1028","tests","Elements","Web Tables","","","test_web_table_add_person[input_data45]"," Check if one new person could be added in the list "
"skipped","Thu Aug 31 00:30:26 MSK 2023","Thu Aug 31 00:30:27 MSK 2023","1466","tests","Elements","Web Tables","","","test_web_table_add_person[input_data343]"," Check if one new person could be added in the list "
"failed","Thu Aug 31 00:31:09 MSK 2023","Thu Aug 31 00:31:10 MSK 2023","1376","tests","Elements","Web Tables","","","test_web_table_add_person[input_data368]"," Check if one new person could be added in the list "
"failed","Thu Aug 31 00:23:07 MSK 2023","Thu Aug 31 00:23:08 MSK 2023","953","tests","Elements","Web Tables","","","test_web_table_add_person[input_data76]"," Check if one new person could be added in the list "
"skipped","Thu Aug 31 00:28:46 MSK 2023","Thu Aug 31 00:28:47 MSK 2023","1374","tests","Elements","Web Tables","","","test_web_table_add_person[input_data287]"," Check if one new person could be added in the list "
"failed","Thu Aug 31 00:22:10 MSK 2023","Thu Aug 31 00:22:11 MSK 2023","996","tests","Elements","Web Tables","","","test_web_table_add_person[input_data36]"," Check if one new person could be added in the list "
"passed","Thu Aug 31 00:21:23 MSK 2023","Thu Aug 31 00:21:24 MSK 2023","940","tests","Elements","Web Tables","","","test_web_table_add_person[input_data5]"," Check if one new person could be added in the list "
"passed","Thu Aug 31 00:22:56 MSK 2023","Thu Aug 31 00:22:57 MSK 2023","897","tests","Elements","Web Tables","","","test_web_table_add_person[input_data69]"," Check if one new person could be added in the list "
"failed","Thu Aug 31 00:32:13 MSK 2023","Thu Aug 31 00:32:13 MSK 2023","172","tests","Elements","Web Tables","","","test_web_table_search_specified_results[Ve-2]"," Check if search result matches to the query "
"skipped","Thu Aug 31 00:27:17 MSK 2023","Thu Aug 31 00:27:18 MSK 2023","984","tests","Elements","Web Tables","","","test_web_table_add_person[input_data235]"," Check if one new person could be added in the list "
"failed","Thu Aug 31 00:23:05 MSK 2023","Thu Aug 31 00:23:06 MSK 2023","910","tests","Elements","Web Tables","","","test_web_table_add_person[input_data75]"," Check if one new person could be added in the list "
"failed","Thu Aug 31 00:31:22 MSK 2023","Thu Aug 31 00:31:23 MSK 2023","1324","tests","Elements","Web Tables","","","test_web_table_add_person[input_data375]"," Check if one new person could be added in the list "
"failed","Thu Aug 31 00:30:28 MSK 2023","Thu Aug 31 00:30:29 MSK 2023","1360","tests","Elements","Web Tables","","","test_web_table_add_person[input_data344]"," Check if one new person could be added in the list "
"skipped","Thu Aug 31 00:27:12 MSK 2023","Thu Aug 31 00:27:13 MSK 2023","1396","tests","Elements","Web Tables","","","test_web_table_add_person[input_data232]"," Check if one new person could be added in the list "
"skipped","Thu Aug 31 00:31:35 MSK 2023","Thu Aug 31 00:31:37 MSK 2023","1398","tests","Elements","Web Tables","","","test_web_table_add_person[input_data383]"," Check if one new person could be added in the list "
"failed","Thu Aug 31 00:32:26 MSK 2023","Thu Aug 31 00:32:31 MSK 2023","5145","tests","Elements","Web Tables","","","test_web_table_search_special_symbols[/*/-3]"," Check if search result matches to the query "
"skipped","Thu Aug 31 00:29:06 MSK 2023","Thu Aug 31 00:29:07 MSK 2023","1345","tests","Elements","Web Tables","","","test_web_table_add_person[input_data298]"," Check if one new person could be added in the list "
"skipped","Thu Aug 31 00:27:52 MSK 2023","Thu Aug 31 00:27:53 MSK 2023","1436","tests","Elements","Web Tables","","","test_web_table_add_person[input_data255]"," Check if one new person could be added in the list "
"failed","Thu Aug 31 00:23:14 MSK 2023","Thu Aug 31 00:23:15 MSK 2023","978","tests","Elements","Web Tables","","","test_web_table_add_person[input_data81]"," Check if one new person could be added in the list "
"failed","Thu Aug 31 00:22:21 MSK 2023","Thu Aug 31 00:22:21 MSK 2023","902","tests","Elements","Web Tables","","","test_web_table_add_person[input_data43]"," Check if one new person could be added in the list "
"skipped","Thu Aug 31 00:26:19 MSK 2023","Thu Aug 31 00:26:20 MSK 2023","1024","tests","Elements","Web Tables","","","test_web_table_add_person[input_data201]"," Check if one new person could be added in the list "
"skipped","Thu Aug 31 00:30:21 MSK 2023","Thu Aug 31 00:30:22 MSK 2023","1351","tests","Elements","Web Tables","","","test_web_table_add_person[input_data340]"," Check if one new person could be added in the list "
"passed","Thu Aug 31 00:23:40 MSK 2023","Thu Aug 31 00:23:41 MSK 2023","1097","tests","Elements","Web Tables","","","test_web_table_add_person[input_data100]"," Check if one new person could be added in the list "
"failed","Thu Aug 31 00:32:17 MSK 2023","Thu Aug 31 00:32:17 MSK 2023","280","tests","Elements","Web Tables","","","test_web_table_search_specified_results[nt-3]"," Check if search result matches to the query "
"failed","Thu Aug 31 00:22:22 MSK 2023","Thu Aug 31 00:22:23 MSK 2023","1308","tests","Elements","Web Tables","","","test_web_table_add_person[input_data44]"," Check if one new person could be added in the list "
"passed","Thu Aug 31 00:23:29 MSK 2023","Thu Aug 31 00:23:30 MSK 2023","1071","tests","Elements","Web Tables","","","test_web_table_add_person[input_data92]"," Check if one new person could be added in the list "
"failed","Thu Aug 31 00:31:41 MSK 2023","Thu Aug 31 00:31:42 MSK 2023","1379","tests","Elements","Web Tables","","","test_web_table_add_person[input_data386]"," Check if one new person could be added in the list "
"failed","Thu Aug 31 00:29:45 MSK 2023","Thu Aug 31 00:29:46 MSK 2023","1304","tests","Elements","Web Tables","","","test_web_table_add_person[input_data320]"," Check if one new person could be added in the list "
"passed","Thu Aug 31 00:32:41 MSK 2023","Thu Aug 31 00:32:41 MSK 2023","316","tests","Elements","Web Tables","","","test_web_table_switch_rows[5]"," Check if page switches to the selected rows number "
"failed","Thu Aug 31 00:21:44 MSK 2023","Thu Aug 31 00:21:46 MSK 2023","1364","tests","Elements","Web Tables","","","test_web_table_add_person[input_data20]"," Check if one new person could be added in the list "
"failed","Thu Aug 31 00:22:06 MSK 2023","Thu Aug 31 00:22:07 MSK 2023","976","tests","Elements","Web Tables","","","test_web_table_add_person[input_data34]"," Check if one new person could be added in the list "
"skipped","Thu Aug 31 00:26:14 MSK 2023","Thu Aug 31 00:26:15 MSK 2023","1420","tests","Elements","Web Tables","","","test_web_table_add_person[input_data198]"," Check if one new person could be added in the list "
"passed","Thu Aug 31 00:24:40 MSK 2023","Thu Aug 31 00:24:41 MSK 2023","908","tests","Elements","Web Tables","","","test_web_table_add_person[input_data142]"," Check if one new person could be added in the list "
"skipped","Thu Aug 31 00:31:33 MSK 2023","Thu Aug 31 00:31:35 MSK 2023","1360","tests","Elements","Web Tables","","","test_web_table_add_person[input_data382]"," Check if one new person could be added in the list "
"passed","Thu Aug 31 00:24:39 MSK 2023","Thu Aug 31 00:24:40 MSK 2023","880","tests","Elements","Web Tables","","","test_web_table_add_person[input_data141]"," Check if one new person could be added in the list "
"passed","Thu Aug 31 00:22:03 MSK 2023","Thu Aug 31 00:22:04 MSK 2023","1017","tests","Elements","Web Tables","","","test_web_table_add_person[input_data32]"," Check if one new person could be added in the list "
"failed","Thu Aug 31 00:22:42 MSK 2023","Thu Aug 31 00:22:43 MSK 2023","881","tests","Elements","Web Tables","","","test_web_table_add_person[input_data58]"," Check if one new person could be added in the list "
"passed","Thu Aug 31 00:32:42 MSK 2023","Thu Aug 31 00:32:42 MSK 2023","324","tests","Elements","Web Tables","","","test_web_table_switch_rows[25]"," Check if page switches to the selected rows number "
"failed","Thu Aug 31 00:21:35 MSK 2023","Thu Aug 31 00:21:36 MSK 2023","942","tests","Elements","Web Tables","","","test_web_table_add_person[input_data14]"," Check if one new person could be added in the list "
"passed","Thu Aug 31 00:32:09 MSK 2023","Thu Aug 31 00:32:09 MSK 2023","228","tests","Elements","Web Tables","","","test_web_table_search_specified_results[Cierra-1]"," Check if search result matches to the query "
"skipped","Thu Aug 31 00:25:53 MSK 2023","Thu Aug 31 00:25:54 MSK 2023","1404","tests","Elements","Web Tables","","","test_web_table_add_person[input_data186]"," Check if one new person could be added in the list "
"passed","Thu Aug 31 00:32:35 MSK 2023","Thu Aug 31 00:32:36 MSK 2023","984","tests","Elements","Web Tables","","","test_web_table_edit_person_first_name[Kierra-KierrA]"," Check if first_name could be edited "
"skipped","Thu Aug 31 00:32:03 MSK 2023","Thu Aug 31 00:32:05 MSK 2023","1376","tests","Elements","Web Tables","","","test_web_table_add_person[input_data399]"," Check if one new person could be added in the list "
